id	title	description	link	image_link	availability	price	condition	identifier_exists
PF-MAR-001	Mar Poinic Soi	Mar Poinic Soi este un soi romanesc vechi, apreciat pentru rezistenta, productivitate si adaptabilitate. Pomul are vigoare mica spre mijlocie si este altoit pe portaltoi M26. Fructele sunt de marime mijlocie spre mare, cu o greutate de aproximativ 165-190 g, avand culoare galben-verzuie la recoltare si galbena la maturitate, uneori cu o usoara coloratie rosiatica pe partea expusa la soare. Gustul este placut, iar maturarea are loc spre sfarsitul lunii octombrie. Fiind autofertil, soiul poate fructifica si fara prezenta obligatorie a unui alt soi polenizator.	https://pomifructiferionline.ro/produse/mar-poinic-soi/	https://pomifructiferionline.ro/images/pomi-fructiferi/mar/mar-poinic-soi/mar-poinic-soi-1.png	in_stock	19.00 RON	new	no
PF-MAR-002	Mar Golden Delicious	Mar Golden Delicious este un soi originar din SUA, zona Virginia de Vest, apreciat pentru productivitatea ridicata si calitatea fructelor. Pomul are vigoare mijlocie si rodeste pe ramuri bine ramificate. Fructele sunt mijlocii spre mari, aproximativ 130-200 g, de culoare galben-aurie, cu pulpa crocanta, dulce, slab acidulata si aroma specifica. Pentru obtinerea unor fructe mari si de calitate este recomandata rarirea fructelor atunci cand acestea sunt mici. Soiul poate fi sensibil la rapan, astfel ca sunt recomandate tratamente fitosanitare preventive. Polenizatori potriviti sunt Pionier, Florina, Jonathan si Idared. Maturarea are loc in principal in luna octombrie, iar fructele pot fi pastrate mai multe luni in conditii corespunzatoare.	https://pomifructiferionline.ro/produse/mar-golden-delicious/	https://pomifructiferionline.ro/images/pomi-fructiferi/mar/mar-golden-delicious/mar-golden-delicious-1.png	in_stock	19.00 RON	new	no
PF-MAR-003	Mar Mutsu	Mar Mutsu este un soi de origine japoneza, introdus ca soi comercial in anul 1949. Pomul are vigoare mare si formeaza o coroana rasfirata, inflorind in aceeasi perioada cu soiul Golden. Mutsu poate rodi abundent, in special pe ramuri lungi, desi productia poate varia de la un an la altul. Principalul avantaj al soiului il reprezinta fructele de dimensiuni mari si foarte mari, care depasesc frecvent 200 g. In conditii favorabile de cultura si in functie de portaltoi, unele fructe pot ajunge la dimensiuni impresionante, de pana la aproximativ 600 g. Este un soi potrivit pentru cei care cauta un mar viguros, cu fructe mari si aspect deosebit.	https://pomifructiferionline.ro/produse/mar-mutsu/	https://pomifructiferionline.ro/images/pomi-fructiferi/mar/mar-mutsu/mar-mutsu-1.png	in_stock	19.00 RON	new	no
PF-MAR-004	Mar Jonathan	Mar Jonathan este un soi originar din SUA, obtinut in anul 1880 si foarte apreciat pentru productivitatea sa. Pomul are vigoare mijlocie, este precoce, formeaza o coroana larg-conica si deasa si rodeste in special pe ramuri lungi. Este altoit pe portaltoi MM106. Polenizatori recomandati sunt Idared, Pionier, Golden Delicious si Starkrimson. Fructele sunt de marime medie spre mare, aproximativ 140-150 g, au forma sferic-turtita si o culoare rosie intensa. Pielita este subtire, neteda si lucioasa, iar pulpa alb-galbuie este suculenta, foarte crocanta, dulce si puternic aromata. Jonathan este apreciat pentru gustul sau caracteristic si pentru buna rezistenta a fructelor la transport, manipulare si pastrare. Perioada de maturare este cuprinsa aproximativ intre 15 septembrie si 15 octombrie, iar in conditii corespunzatoare fructele pot fi pastrate aproximativ 6-8 luni. Soiul poate fi sensibil la fainare si necesita monitorizare si tratamente fitosanitare corespunzatoare.	https://pomifructiferionline.ro/produse/mar-jonathan/	https://pomifructiferionline.ro/images/pomi-fructiferi/mar/mar-jonathan/mar-jonathan-1.png	in_stock	19.00 RON	new	no
PF-MAR-020	Mar Ionagold Columnar	Mar Ionagold Columnar este un soi apreciat pentru fructele sale mari, de aproximativ 180-250 g, potrivite atat pentru consum in stare proaspata, cat si pentru industrializare. Pomul este de vigoare mare, cu coroana semietalata si ramuri bine garnisite cu formatii de rod scurte si mijlocii. Soiul este autofertil. Fructele au forma sferica trunchiata, usor costata, cu pielita neteda si unsuroasa, de culoare galben-verzuie, partial acoperita cu rosu deschis. Pulpa este galbena, semicrocanta, suculenta, foarte dulce, usor acidulata si foarte aromata, cu gust armonios. Fructele pot fi consumate de la recoltare pana in luna aprilie, in conditii corespunzatoare de pastrare. Portaltoiul folosit este M9.	https://pomifructiferionline.ro/produse/mar-ionagold-columnar/	https://pomifructiferionline.ro/images/pomi-columnari/mar/mar-ionagold-columnar/mar-ionagold-columnar-1.png	in_stock	24.00 RON	new	no
PF-MAR-006	Mar Jonared	Mar Jonared este un soi obtinut in SUA si autorizat in Romania in anul 1979. Pomul are vigoare mijlocie, port ramificat si infloreste timpuriu, dar esalonat. Soiul este productiv si relativ constant, fiind apreciat in special pentru buna capacitate de pastrare a fructelor. Portaltoii utilizati pot fi MM106 sau M9, iar polenizatori recomandati sunt Jonathan si Gala. Fructele au forma sferica, usor aplatizata, culoare de baza verde-galbuie si sunt acoperite cu rosu pe o parte importanta din suprafata. Pulpa este alb-galbuie, crocanta, suculenta si acidulata, cu bune calitati gustative. Fructele se pastreaza foarte bine in depozit, in conditii corespunzatoare, pana spre primavara. Perioada de maturare este in prima decada a lunii octombrie. Soiul poate fi sensibil la rapan, fainare si arsura bacteriana, iar rezistenta la ger este mai redusa, motiv pentru care necesita atentie sporita la alegerea amplasamentului si la tratamentele fitosanitare.	https://pomifructiferionline.ro/produse/mar-jonared/	https://pomifructiferionline.ro/images/pomi-fructiferi/mar/mar-jonared/mar-jonared-1.png	in_stock	19.00 RON	new	no
PF-MAR-007	Mar Red Delicious	Mar Red Delicious, cunoscut si ca Rosu Delicios, este un soi de mar obtinut in SUA in anul 1868. Pomul este de vigoare mijlocie si fructifica abundent pe ramuri lungi. Polenizatorii recomandati sunt Florina, Golden Delicious, Royal Gala, Jonathan, Granny Smith si Braeburn. Fructele sunt mari, de aproximativ 225 g, cu forma tronconica si coaja rosie stralucitoare, presarata cu mici puncte albe. Pulpa este crocanta, suculenta, dulce si foarte aromata. Soiul este recomandat in special pentru consum in stare proaspata si are o capacitate buna de pastrare, fructele putand fi pastrate aproximativ 6-7 luni dupa recoltare. Este un soi sensibil la rapan. Perioada de recoltare este in luna septembrie.	https://pomifructiferionline.ro/produse/mar-red-delicious/	https://pomifructiferionline.ro/images/pomi-fructiferi/mar/mar-red-delicious/mar-red-delicious-1.png	in_stock	19.00 RON	new	no
PF-MAR-008	Mar Generos	Mar Generos este un soi romanesc foarte valoros, obtinut la S.C.P.P. Voinesti si omologat ca soi nou in anul 1983. Pomul are vigoare mijlocie, intra repede pe rod si formeaza o coroana invers-piramidala. Este un soi foarte rezistent la boli si daunatori, necesitand mai putine tratamente fitosanitare comparativ cu soiurile sensibile. Portaltoiul folosit este M106, iar polenizatorii recomandati sunt Jonathan si Pionier. Fructele sunt mari, de aproximativ 160-180 g, sferice, usor asimetrice si usor turtite. Pielita este neteda, acoperita cu un strat fin de pruina, de culoare verde-galbuie, cu nuante de rosu deschis mai intense pe partea expusa la soare. Pulpa este galbuie, fina, suculenta si aromata. Perioada de maturare este de la sfarsitul lunii septembrie pana la inceputul lunii octombrie. In conditii corespunzatoare, fructele se pot pastra aproximativ 5 luni.	https://pomifructiferionline.ro/produse/mar-generos/	https://pomifructiferionline.ro/images/pomi-fructiferi/mar/mar-generos/mar-generos-1.png	in_stock	19.00 RON	new	no
PF-MAR-009	Mar Royal Gala	Mar Royal Gala este un soi originar din Noua Zeelanda, obtinut din Kidd's Orange Red x Golden Delicious. Pomul are vigoare mijlocie, intra devreme pe rod si fructifica in mod constant si abundent. Este un soi autopolenizator, insa productia poate fi mai buna atunci cand este plantat in apropierea unui alt soi de mar. Coroana este bine ramificata, iar pomul poate fi mentinut la dimensiuni reduse prin taieri regulate, fiind potrivit si pentru gradini mai mici. Fructele sunt de marime mijlocie, de aproximativ 150-180 g, cu pielita galbena acoperita cu rosu lucios si dungi longitudinale. Pulpa este alba, crocanta, ferma, dulce si aromata. Perioada de recoltare este in luna septembrie. Recoltarea nu trebuie intarziata excesiv, deoarece in zona pedunculului pot aparea crapaturi. Fructele se pot pastra peste 3 luni dupa recoltare si pana la aproximativ 8 luni in conditii speciale de depozitare.	https://pomifructiferionline.ro/produse/mar-royal-gala/	https://pomifructiferionline.ro/images/pomi-fructiferi/mar/mar-royal-gala/mar-royal-gala-1.png	in_stock	19.00 RON	new	no
PF-MAR-010	Mar Braeburn	Mar Braeburn este un soi originar din Noua Zeelanda, aparut in jurul anului 1950, rezultat din incrucisarea soiurilor Lady Hamilton si Granny Smith. Pomul are vigoare medie, intra repede pe rod si fructifica abundent. Soiul este autofertil si prezinta rezistenta buna la boli si daunatori. Portaltoiul folosit este M106, iar polenizatorii recomandati sunt Jonathan si Liberty. Fructele sunt mijlocii spre mari, cu forma alungita si gust dulce-acidulat, echilibrat si aromat. Pulpa este alb-crem, crocanta, ferma si suculenta, cu un continut mediu de vitamina C. Fructele sunt potrivite atat pentru consum in stare proaspata, cat si pentru industrializare. Perioada de consum este de aproximativ 5-6 luni de la recoltare.	https://pomifructiferionline.ro/produse/mar-braeburn/	https://pomifructiferionline.ro/images/pomi-fructiferi/mar/mar-braeburn/mar-braeburn-1.png	in_stock	19.00 RON	new	no
PF-MAR-011	Mar Granny Smith	Mar Granny Smith este un soi obtinut in Australia si selectionat in anul 1868. Pomul are vigoare medie, intra repede pe rod, formeaza o coroana rasfirata si fructifica atat pe ramuri lungi, cat si pe ramuri scurte. Fructele se coc in luna octombrie si se remarca prin capacitatea foarte buna de pastrare. Merele sunt mari, de aproximativ 200 g, sferice, cu pielita groasa, de culoare verde vibrant si cu puncte albe subcutanate caracteristice. La recoltare pot fi acoperite de pruina. Pulpa este alb-verzuie, crocanta si acidulata. In conditii corespunzatoare, fructele se pot pastra aproximativ 8-10 luni. Merele Granny Smith sunt apreciate pentru consum in stare proaspata si sunt utilizate frecvent in bucatarie.	https://pomifructiferionline.ro/produse/mar-granny-smith/	https://pomifructiferionline.ro/images/pomi-fructiferi/mar/mar-granny-smith/mar-granny-smith-1.png	in_stock	19.00 RON	new	no
PF-MAR-012	Mar Starkrimson	Mar Starkrimson, cunoscut si sub denumirea de Bot de iepure, este un soi originar din S.U.A., omologat in anul 1958 dintr-o variatie mugurala a soiului Starking Delicious. Pomul are vigoare mica, rodeste pe ramuri scurte si este recomandat pentru plantatii super-intensive. Este un soi precoce si foarte productiv. Prezinta rezistenta foarte buna la ger si fainare, dar este slab rezistent la rapan. Este pretentios fata de sol si caldura, in special in perioada infloritului si maturarii fructelor. Fructele sunt mari si foarte mari, de aproximativ 225 g, cu forma conic-trunchiata si cinci coaste proeminente. Coaja este de culoare rosu intens, cu puncte subcutanate galbene. Pulpa este alb-galbuie, dulce si are aciditate redusa. Fructele sunt foarte rezistente la transport si se pot pastra aproximativ 6-7 luni de la recoltare. Perioada de recoltare este luna octombrie.	https://pomifructiferionline.ro/produse/mar-starkrimson/	https://pomifructiferionline.ro/images/pomi-fructiferi/mar/mar-starkrimson/mar-starkrimson-1.png	in_stock	19.00 RON	new	no
PF-MAR-013	Mar Red Melba	Mar Red Melba este un soi de origine canadiana. Pomul are vigoare mijlocie spre mare, intra foarte repede pe rod si fructifica abundent si sustinut. Este rezistent la boli, are pretentii reduse fata de sol si prezinta rezistenta buna la ger si seceta. Fructifica in special pe formatiuni lungi. Portaltoiul folosit este M106, iar polenizatorii recomandati sunt Idared, Pionier, Golden si Starkrimson. Fructele sunt mari, de aproximativ 130-140 g, sferic-turtite, cu pielita subtire, verde-galbuie pe partea umbrita si rosu inchis pe partea expusa la soare. Pulpa este alba, suculenta, dulce, usor acidulata si intens aromata, de calitate foarte buna pentru consum. Fructele sunt potrivite atat pentru consum in stare proaspata, cat si pentru industrializare. Perioada de consum este de aproximativ 3 saptamani de la recoltare.	https://pomifructiferionline.ro/produse/mar-red-melba/	https://pomifructiferionline.ro/images/pomi-fructiferi/mar/mar-red-melba/mar-red-melba-1.png	in_stock	19.00 RON	new	no
PF-MAR-014	Mar Aromat de Vara	Mar Aromat de Vara este un soi cu vigoare mare, altoit pe portaltoi MM106, care formeaza o coroana larg piramidala si relativ deasa. Pomul are productivitate ridicata si rodire regulata, prezinta rezistenta buna la seceta si ger, dar este sensibil la rapan si fainare. Fructele sunt mijlocii, de aproximativ 120-150 g, sferic-turtite, cu suprafata neteda si lucioasa. Pielita este verde-galbuie si este acoperita aproape in totalitate de un rosu aprins, cu puncte subcutanate pe intreaga suprafata. Pulpa este alb-galbuie, crocanta, dulce-acrisoara si potrivita pentru consum in stare proaspata. Perioada de maturare este la inceputul lunii august, iar fructele se pot pastra pana la sfarsitul lunii septembrie. Polenizatorii recomandati sunt Jonathan si Golden Delicious.	https://pomifructiferionline.ro/produse/mar-aromat-de-vara/	https://pomifructiferionline.ro/images/pomi-fructiferi/mar/mar-aromat-de-vara/mar-aromat-de-vara-1.png	in_stock	19.00 RON	new	no
PF-MAR-015	Mar Clar Alb	Mar Clar Alb este un soi de mar de vara foarte popular in Romania, cultivat pana la altitudini de aproximativ 1200 m. Pomul are vigoare mijlocie, trunchi drept si coroana globuloasa-sferica si rodeste in principal pe ramuri scurte. Soiul are productivitate ridicata. Fructele sunt mijlocii, de aproximativ 150-180 g, cu gust dulce-acrisor si foarte racoritor. Pielita este verde deschis sau verzuie si este acoperita cu un strat gros de pruina albicioasa. Fructele pot prezenta o dunga verzuie sau ruginie care se intinde de la varf pana la baza. La supracoacere, pulpa poate deveni malaiata, iar in verile reci poate capata un aspect transparent. Perioada de recoltare este in a doua decada a lunii iulie. Fiind un soi de vara, fructele se pot pastra aproximativ 2-3 saptamani de la recoltare. Pentru polenizare sunt potrivite alte soiuri de mar cu perioada de inflorire similara.	https://pomifructiferionline.ro/produse/mar-clar-alb/	https://pomifructiferionline.ro/images/pomi-fructiferi/mar/mar-clar-alb/mar-clar-alb-1.png	in_stock	19.00 RON	new	no
PF-MAR-016	Mar Prima	Mar Prima este un soi originar din S.U.A., cu vigoare medie spre mare si fructificare pe ramuri de rod lungi. Pomul este imun la rapan si fainare si produce fructe de marime medie spre mare, aproximativ 5-6 fructe la kilogram. Merele au culoare rosu-portocaliu pe aproximativ doua treimi din suprafata, pe un fond galben-verzui. Pulpa este suculenta, dulce, cu aroma placuta si o aciditate echilibrata. Perioada de maturare este cuprinsa intre 20 august si 10 septembrie. Fructele se pot pastra pana in luna decembrie.	https://pomifructiferionline.ro/produse/mar-prima/	https://pomifructiferionline.ro/images/pomi-fructiferi/mar/mar-prima/mar-prima-1.png	in_stock	19.00 RON	new	no
PF-MAR-017	Mar Pinova	Mar Pinova este un soi de mar cu vigoare mijlocie, care intra repede pe rod si fructifica abundent. Este rezistent la boli si are nevoie de polenizatori compatibili, precum Golden Delicious, Jonagold si Gloster. Inflorirea este medie spre tarzie. Fructele sunt de marime medie, aproximativ 130-160 g, cu forma ovo-sferica si gust dulce-acrisor, completat de o aroma specifica deosebita. Pulpa este tare, crocanta si zemoasa. Coaja este tare, cu o culoare de baza verde-galbuie si acoperire portocaliu-rosiatica. Perioada de recoltare este la sfarsitul lunii septembrie. Fructele se pot pastra aproximativ 4-5 luni in depozite normale si pana la 12 luni in conditii de temperatura controlata. Soiul este recomandat in special pentru consum in stare proaspata.	https://pomifructiferionline.ro/produse/mar-pinova/	https://pomifructiferionline.ro/images/pomi-fructiferi/mar/mar-pinova/mar-pinova-1.png	in_stock	19.00 RON	new	no
PF-MAR-018	Mar Patul	Mar Patul este un soi autohton originar din Valea Muresului si raspandit in special in Transilvania. Denumirea de Patul provine din metoda traditionala de pastrare a merelor peste iarna in patule cu fan. Pomul are o crestere viguroasa indiferent de portaltoiul folosit, este rezistent la ger si suporta bine brumele tarzii de primavara. Soiul poate oferi productii ridicate, desi prezinta tendinta de rodire intermitenta. In zonele cu microclimat favorabil si in conditii bune de cultura, fructele capata un gust excelent si un colorit foarte apreciat. Merele sunt mici, de aproximativ 100 g, cu forma sferica si simetrica. Coaja este neteda, lucioasa si usor cerata, de culoare galbena, cu pete rosiatice pe partea expusa la soare. Pulpa este fina, suculenta, dulce-acidulata si racoritoare. Datorita formei regulate, coloritului viu si calitatii pulpei, fructele sunt considerate de calitate superioara.	https://pomifructiferionline.ro/produse/mar-patul/	https://pomifructiferionline.ro/images/pomi-fructiferi/mar/mar-patul/mar-patul-1.png	in_stock	19.00 RON	new	no
PF-MAR-019	Mar Parmen Auriu	Mar Parmen Auriu este un soi de mar cu vigoare mijlocie sau submijlocie, cu coroana piramidala si rodire predominanta pe tepuse. Fructele sunt de marime mijlocie, de aproximativ 150 g, cu forma sferica, usor trunchiata. Culoarea de baza este verde-galbuie, devenind aurie la coacere, cu acoperire rosu-portocalie si dungi carmin. Pulpa este galbuie, densa, suculenta, crocanta, fina si dulce-acidulata. Polenizatorii recomandati sunt Jonathan si Idared. Perioada de recoltare este luna septembrie, iar fructele pot fi consumate de la recoltare pana in luna decembrie.	https://pomifructiferionline.ro/produse/mar-parmen-auriu/	https://pomifructiferionline.ro/images/pomi-fructiferi/mar/mar-parmen-auriu/mar-parmen-auriu-1.png	in_stock	19.00 RON	new	no
PF-PAR-001	Par Williams Rosu	Par Williams Rosu este o mutatie mugurala a soiului Williams, introdusa dupa anul 1945. Pomul are vigoare mijlocie, este foarte productiv si rezistent la seceta. Soiul este lipsit de afinitate cu gutuiul de tip A, iar portaltoiul folosit este par paduret. Fructele sunt mari, cu o greutate medie de 180-200 g si forma piriforma, asemanatoare soiului Williams. Pielita este rosu-oranj, lucioasa si neuniform colorata, putand aparea uneori fructe verde-galbui sau dungate. Pulpa este alba, dulce, suculenta, untoasa, cu aroma delicata si fina. Coacerea are loc de la sfarsitul lunii august pana la inceputul lunii septembrie, perioada orientativa fiind 20 august - 10 septembrie. In depozit frigorific fructele pot fi pastrate aproximativ 1-2 luni. Sunt recomandate atat pentru consum in stare proaspata, cat si pentru prelucrare sub forma de nectar.	https://pomifructiferionline.ro/produse/par-williams-rosu/	https://pomifructiferionline.ro/images/pomi-fructiferi/par/par-williams-rosu/par-williams-rosu-1.png	in_stock	19.00 RON	new	no
PF-PAR-002	Par Williams Galben	Par Williams Galben este un soi de par cu vigoare mijlocie, care rodeste pe ramuri lungi bine garnisite cu formatiuni scurte de rod. Fructele sunt mari, avand aproximativ 160-220 g, iar pulpa este alb-galbuie, foarte fina, suculenta si aromata. Fructele sunt de calitate superioara, recomandate atat pentru consum in stare proaspata, cat si pentru compoturi. Pomul intra pe rod dupa aproximativ 2-3 ani de la plantare. Soiul prezinta rezistenta buna la boli si rezista la temperaturi de pana la aproximativ -32°C. Polenizatorii recomandati sunt Favorita lui Clapp si Conference. Perioada de recoltare este de la sfarsitul lunii august pana la inceputul lunii septembrie. Plantarea se poate face toamna sau primavara devreme. La livrare, pomii au aproximativ 150-170 cm, iar radacinile sunt ambalate in rumegus pentru mentinerea umiditatii.	https://pomifructiferionline.ro/produse/par-williams-galben/	https://pomifructiferionline.ro/images/pomi-fructiferi/par/par-williams-galben/par-williams-galben-1.png	in_stock	19.00 RON	new	no
PF-PAR-003	Par Virgilius Hibernal	Par Virgilius Hibernal este un soi de par apreciat pentru adaptabilitatea sa la conditii climatice dificile si pentru calitatea fructelor. Pomul tolereaza bine iernile reci si variatiile de temperatura si este cunoscut pentru rezistenta buna la boli comune ale parului, inclusiv rapan si foc bacterian. Fructele sunt de dimensiune medie, cu forma piriforma, bine conturata si uniforma. Coaja este galbena, adesea cu nuante de rosu sau roz pe partea expusa la soare. Pulpa este alba, fina, suculenta si crocanta, cu gust dulce, aromat si o aciditate usoara, placut echilibrata. Recoltarea are loc toamna, de regula in luna septembrie sau la inceputul lunii octombrie. Fructele pot fi consumate proaspete si sunt potrivite si pentru tarte, compoturi si conserve. Pentru o fructificare mai buna se recomanda plantarea in apropierea altor soiuri de par, precum Williams sau Conference.	https://pomifructiferionline.ro/produse/par-virgilius-hibernal/	https://pomifructiferionline.ro/images/pomi-fructiferi/par/par-virgilius-hibernal/par-virgilius-hibernal-1.png	in_stock	19.00 RON	new	no
PF-PAR-004	Par Jubileu	Par Jubileu este un soi romanesc de par apreciat pentru calitatea fructelor, productivitatea ridicata si adaptabilitatea la conditiile din Romania. Fructele sunt de dimensiuni medii spre mari, au forma piriforma, usor alungita, iar coaja este subtire, galben-verzuie la maturitate, adesea colorata cu rosu pe partea expusa la soare. Pulpa este alba, fina, suculenta, moale si foarte aromata, cu gust dulce si o aciditate moderata, placut echilibrata. Recoltarea are loc de regula la sfarsitul lunii august sau la inceputul lunii septembrie. Soiul prezinta rezistenta buna la boli, in special la boli fungice, si o adaptabilitate buna la conditii variate de sol si clima. Este relativ rezistent la seceta si ger. Fructele sunt recomandate in special pentru consum in stare proaspata, dar pot fi folosite si pentru tarte, compoturi si deserturi. Pentru o productie buna se recomanda plantarea in apropierea unor soiuri compatibile precum Williams sau Conference.	https://pomifructiferionline.ro/produse/par-jubileu/	https://pomifructiferionline.ro/images/pomi-fructiferi/par/par-jubileu/par-jubileu-1.png	in_stock	19.00 RON	new	no
PF-PAR-005	Par Adria	Par Adria este un soi de par apreciat pentru fructele sale de calitate si adaptabilitatea la diferite conditii climatice. Fructele sunt de dimensiuni medii spre mari, cu forma piriforma si aspect uniform. Coaja este galben-verzuie, adesea cu o tenta rosie pe partea expusa la soare. Pulpa este alba, suculenta, fina si crocanta, cu gust dulce, aromat si usor acidulat. Recoltarea are loc la sfarsitul verii sau inceputul toamnei, de regula in luna august sau la inceputul lunii septembrie. Soiul este relativ rezistent la principalele boli ale parului, inclusiv rapan si foc bacterian, si se adapteaza bine la conditii climatice variate. Fructele sunt recomandate pentru consum in stare proaspata, dar pot fi utilizate si pentru tarte, compoturi sau conserve. Pentru o productie buna se recomanda plantarea in apropierea unor soiuri compatibile precum Williams sau Conference.	https://pomifructiferionline.ro/produse/par-adria/	https://pomifructiferionline.ro/images/pomi-fructiferi/par/par-adria/par-adria-1.png	in_stock	19.00 RON	new	no
PF-PAR-006	Par Favorita lui Clapp	Par Favorita lui Clapp, cunoscut si sub denumirea Clapp's Favorite, este un soi de par originar din Statele Unite, apreciat pentru calitatea deosebita a fructelor. Fructele sunt mari, piriforme, cu pielita subtire, galben-verzuie la maturitate si cu rosu aprins sau rozaliu pe partea expusa la soare. Pulpa este alba, foarte suculenta, fina, dulce si intens aromata, cu o usoara aciditate care echilibreaza gustul. Recoltarea are loc timpuriu, de regula in lunile august-septembrie, iar fructele se recomanda a fi culese inainte de maturarea completa pe pom. Soiul are rezistenta moderata la boli si este sensibil la focul bacterian, necesitand monitorizare si ingrijire atenta. Nu este autofertil, pentru o productie buna fiind recomandata plantarea in apropierea unor soiuri compatibile precum Williams sau Conference. Fructele sunt excelente pentru consum proaspat si pot fi folosite si pentru tarte, prajituri, compoturi sau conserve.	https://pomifructiferionline.ro/produse/par-favorita-lui-clapp/	https://pomifructiferionline.ro/images/pomi-fructiferi/par/par-favorita-lui-clapp/par-favorita-lui-clapp-1.png	in_stock	19.00 RON	new	no
PF-PAR-007	Par Napoca	Parul Napoca este un soi dezvoltat in Romania, apreciat pentru fructele sale mari, piriforme si aspectul atractiv. La maturitate, coaja este galben-verzuie, cu o tenta rosiatica pe partea expusa la soare. Pulpa este alba, fina, foarte suculenta si dulce, cu o usoara aciditate si aroma placuta. Fructele se recolteaza de regula in luna septembrie si au o capacitate buna de pastrare pentru o perioada moderata. Soiul este apreciat pentru adaptabilitatea la conditii variate si pentru rezistenta buna la principalele boli ale parului. Pentru o productie mai buna se recomanda polenizarea incrucisata, cu soiuri precum Williams sau Conference. Fructele sunt potrivite pentru consum proaspat, deserturi, compoturi si conserve.	https://pomifructiferionline.ro/produse/par-napoca/	https://pomifructiferionline.ro/images/pomi-fructiferi/par/par-napoca/par-napoca-1.png	in_stock	19.00 RON	new	no
PF-PAR-009	Par Alexander Lucas	Par Alexander Lucas este un soi de toamna, de vigoare mijlocie, care intra repede pe rod, de regula in anul trei, si se remarca prin randamentul ridicat. Fructele sunt de marime medie, aproximativ 120-160 g, dar in conditii favorabile pot ajunge pana la aproximativ 240 g. Culoarea fructelor este verde-galbuie, uneori cu o usoara roseata. Pulpa este alb-galbuie, foarte suculenta si dulce. Perioada de coacere este la sfarsitul lunii septembrie si inceputul lunii octombrie.	https://pomifructiferionline.ro/produse/par-alexander-lucas/	https://pomifructiferionline.ro/images/pomi-fructiferi/par/par-alexander-lucas/par-alexander-lucas-1.png	in_stock	19.00 RON	new	no
PF-PAR-010	Par Novembra	Parul Novembra este un soi de pere cu origini in Romania, apreciat pentru maturitatea sa tarzie si capacitatea buna de pastrare. Fructele sunt mari, piriforme, bine conturate, cu coaja galben-verzuie la maturitate si pete ruginii, mai ales in zona coditei. Pulpa este alba, fina, crocanta si foarte suculenta, cu gust dulce, aromat si usor acidulat. Recoltarea are loc la sfarsitul lunii octombrie sau inceputul lunii noiembrie. Fructele se pot pastra timp de cateva luni in conditii corespunzatoare. Soiul prezinta rezistenta buna la temperaturi scazute si la principalele boli ale parului, inclusiv rapanul si focul bacterian. Pentru o productie buna se recomanda polenizare incrucisata, soiuri potrivite fiind Williams si Conference. Fructele sunt excelente pentru consum proaspat si pot fi utilizate pentru tarte, compoturi si deserturi.	https://pomifructiferionline.ro/produse/par-novembra/	https://pomifructiferionline.ro/images/pomi-fructiferi/par/par-novembra/par-novembra-1.png	in_stock	19.00 RON	new	no
PF-PAR-011	Par Daciana	Parul Daciana este un soi originar din Romania, apreciat pentru productivitatea ridicata, calitatea fructelor si buna adaptare la conditiile locale. Fructele sunt de dimensiuni medii spre mari, cu forma piriforma si coaja galben-verzuie, uneori cu usoare pete ruginii. Pulpa este fina, suculenta, dulce si foarte aromata, cu un echilibru placut intre dulceata si aciditate. Recoltarea are loc in general in luna septembrie, iar fructele pot fi pastrate o perioada moderata in conditii corespunzatoare. Soiul este rezistent la ger si tolerant la variatii de temperatura, avand o buna rezistenta la bolile comune ale parului. Pentru o productie optima se recomanda polenizare incrucisata cu alte soiuri compatibile de par. Portaltoiul nu este confirmat si nu este mentionat.	https://pomifructiferionline.ro/produse/par-daciana/	https://pomifructiferionline.ro/images/pomi-fructiferi/par/par-daciana/par-daciana-1.png	in_stock	19.00 RON	new	no
PF-PAR-012	Par Monica	Parul Monica este un soi de pere dezvoltat in Romania, apreciat pentru calitatea fructelor, productivitatea ridicata si adaptabilitatea buna la conditiile locale. Fructele sunt mari, cu forma piriforma, baza lata si varf usor ascutit. Coaja este galben-verzuie la maturitate, cu o tenta rosie sau roz pe partea expusa la soare. Pulpa este alba, fina, suculenta si crocanta, cu gust dulce, aromat si usor acidulat. Recoltarea are loc de regula in luna septembrie, iar fructele pot fi pastrate o perioada mai lunga in conditii corespunzatoare. Soiul prezinta o buna toleranta la conditii climatice variabile. Este considerat autofertil, insa prezenta altor soiuri de par in apropiere poate imbunatati productia. Fructele sunt potrivite pentru consum in stare proaspata, tarte, compoturi si conserve. Portaltoiul nu este confirmat si nu este mentionat.	https://pomifructiferionline.ro/produse/par-monica/	https://pomifructiferionline.ro/images/pomi-fructiferi/par/par-monica/par-monica-1.png	in_stock	19.00 RON	new	no
PF-PAR-013	Par Conference	Parul Conference este un soi popular de pere, originar din Anglia si cunoscut inca de la sfarsitul secolului al XIX-lea. Fructele sunt medii spre mari, alungite si conice, cu baza mai lata si varful ingust. Coaja este verde-galbuie la maturitate si poate prezenta pete ruginii. Pulpa este fina, suculenta si dulce, cu textura usor granuloasa si aroma placuta, cu note de miere. Perele Conference se recolteaza de obicei in luna septembrie si pot fi pastrate pana in iarna in conditii corespunzatoare. Soiul este apreciat pentru adaptabilitate, rezistenta la boli, toleranta buna la ger si seceta. Este partial autofertil, insa productia poate fi imbunatatita prin prezenta altor soiuri de par pentru polenizare. Fructele sunt excelente pentru consum proaspat si pot fi folosite la tarte, compoturi si dulceturi.	https://pomifructiferionline.ro/produse/par-conference/	https://pomifructiferionline.ro/images/pomi-fructiferi/par/par-conference/par-conference-1.png	in_stock	19.00 RON	new	no
PF-PAR-014	Par Rosioara de Cluj	Par Rosioara de Cluj este un soi de pere originar din Romania, apreciat pentru adaptabilitatea sa la conditiile climatice locale si pentru calitatea fructelor. Fructele sunt de dimensiuni medii spre mari, piriforme, cu coaja galbena si o tenta rosie bine evidentiata pe partea expusa la soare. Pulpa este alba, fina, suculenta si placut crocanta, cu gust dulce si aromat, echilibrat de o usoara aciditate. Recoltarea se face in luna septembrie, iar fructele pot fi pastrate pentru o perioada moderata in conditii corespunzatoare. Soiul prezinta o buna adaptabilitate la conditiile climatice din Romania si este apreciat pentru rezistenta sa. Pentru o fructificare buna se recomanda polenizatori precum Williams si Conference.	https://pomifructiferionline.ro/produse/par-rosioara-de-cluj/	https://pomifructiferionline.ro/images/pomi-fructiferi/par/par-rosioara-de-cluj/par-rosioara-de-cluj-1.png	in_stock	19.00 RON	new	no
PF-PAR-015	Par Curre	Parul Curre, cunoscut si sub denumirile Pomme de Cure sau Pastorale, este un soi vechi de pere originar din Franta. Este apreciat pentru productia constanta, rezistenta buna la frig si adaptabilitatea la conditii climatice variabile. Fructele sunt mari, alungite si uneori usor asimetrice, cu coaja verde-galbuie si pete ruginii. Pulpa este alba, ferma si crocanta, cu gust dulce si usor acidulat, devenind mai fina si mai aromata la maturitate deplina. Recoltarea are loc de regula la sfarsitul lunii septembrie sau inceputul lunii octombrie, iar fructele au o capacitate foarte buna de pastrare, uneori pana in primavara. Soiul este versatil, potrivit pentru consum proaspat, prajituri, compoturi, dulceturi, pere confiate sau distilat. Este partial autofertil, insa prezenta altor soiuri de par in apropiere poate imbunatati productia. Portaltoiul nu este mentionat in descriere si ramane necompletat.	https://pomifructiferionline.ro/produse/par-curre/	https://pomifructiferionline.ro/images/pomi-fructiferi/par/par-curre/par-curre-1.png	in_stock	19.00 RON	new	no
PF-PAR-016	Par Contesa de Paris	Parul Contesa de Paris este un soi traditional de pere originar din Franta, apreciat pentru calitatea si gustul rafinat al fructelor. Fructele sunt medii spre mari, piriforme, cu baza mai lata si varf usor ascutit. Coaja este galben-verzuie, cu pete ruginii, mai ales pe partea expusa la soare. Pulpa este alba, fina, suculenta si foarte aromata, cu gust dulce si usor acidulat, fara granulatii pronuntate. Recoltarea are loc in general in lunile octombrie-noiembrie, iar fructele se pastreaza foarte bine in conditii corespunzatoare, fiind potrivite pentru consum pe timpul iernii. Soiul are rezistenta buna la frig si este relativ tolerant la unele boli, inclusiv focul bacterian, dar poate fi sensibil la anumiti daunatori. Este autofertil, insa productia poate fi imbunatatita prin prezenta unor polenizatori compatibili precum Williams sau Conference. Fructele sunt recomandate pentru consum proaspat si pot fi folosite la prajituri, tarte, compoturi si salate de fructe. Portaltoiul nu este mentionat in descriere si ramane necompletat.	https://pomifructiferionline.ro/produse/par-contesa-de-paris/	https://pomifructiferionline.ro/images/pomi-fructiferi/par/par-contesa-de-paris/par-contesa-de-paris-1.png	in_stock	19.00 RON	new	no
PF-PAR-017	Par Untoasa Hardy	Parul Untoasa Hardy este un soi de pere apreciat pentru adaptabilitatea la conditii climatice variate si pentru calitatea fructelor. Fructele sunt de dimensiuni medii, piriforme si uniforme. Coaja este galbena, putand prezenta o tenta rosie sau roz pe partea expusa la soare. Pulpa este alba, fina, suculenta si crocanta, cu o consistenta usor untoasa, gust dulce si aromat si o aciditate usoara. Recoltarea are loc la sfarsitul verii sau inceputul toamnei, de obicei in luna septembrie, iar fructele pot fi pastrate o perioada moderata in conditii adecvate. Soiul este cunoscut pentru rezistenta buna la temperaturi scazute si variabilitate climatica si este relativ rezistent la principalele boli ale perilor. Fructele sunt recomandate pentru consum proaspat si pot fi folosite la tarte, compoturi, conserve si alte preparate. Pentru o productie mai buna se recomanda polenizarea incrucisata cu soiuri precum Williams sau Conference. Portaltoiul nu este mentionat in descriere si ramane necompletat.	https://pomifructiferionline.ro/produse/par-untoasa-hardy/	https://pomifructiferionline.ro/images/pomi-fructiferi/par/par-untoasa-hardy/par-untoasa-hardy-1.png	in_stock	19.00 RON	new	no
PF-PAR-018	Par Busuioace cu miez rosu	Parul Busuioace cu miez rosu este un soi vechi de par, raspandit in trecut in bazinul carpatic si in prezent rar intalnit. Pomul are vigoare mare, este foarte rezistent la ger si seceta si este altoit pe par salbatic. Este un foarte bun polenizator pentru toate soiurile de par. Rodirea este abundenta, fructele fiind grupate in buchete de aproximativ 3-7 pere. Fructele sunt de marime medie si au forma piriforma. Coaja este neteda si groasa, cu pielita rosu-ruginie. Pulpa este ferma, rosiatica, suculenta, cu gust specific de par si arome variate. Epoca de maturare este in prima decada a lunii august.	https://pomifructiferionline.ro/produse/par-busuioace-cu-miez-rosu/	https://pomifructiferionline.ro/images/pomi-fructiferi/par/par-busuioace-cu-miez-rosu/par-busuioace-cu-miez-rosu-1.png	in_stock	19.00 RON	new	no
PF-PAR-019	Par Busuioace cu miez galben	Parul Busuioace cu miez galben este un soi de par cu crestere viguroasa. Fructele sunt de marime mica spre medie, aproximativ 50 g, iar pulpa are o aroma deosebita. Pomul intra pe rod dupa aproximativ 2-3 ani de la plantare. Soiul prezinta rezistenta foarte buna la boli si poate suporta temperaturi de pana la aproximativ -32°C. Perioada de recoltare este la sfarsitul lunii iulie - inceputul lunii august. Se livreaza la o inaltime de aproximativ 150-170 cm, cu radacinile ambalate in rumegus pentru mentinerea umiditatii pe durata transportului si depozitarii.	https://pomifructiferionline.ro/produse/par-busuioace-cu-miez-galben/	https://pomifructiferionline.ro/images/pomi-fructiferi/par/par-busuioace-cu-miez-galben/par-busuioace-cu-miez-galben-1.png	in_stock	19.00 RON	new	no
PF-CIR-001	Cires Katalin	Ciresul Katalin este un soi originar din Ungaria, apreciat pentru fructele sale mari, suculente si de calitate superioara. Fructele sunt rotunde, uneori usor aplatizate, de culoare rosu inchis, aproape visiniu la maturitate. Pulpa este ferma, suculenta si foarte dulce, cu aroma intensa si placuta. Soiul este tardiv, cu maturare in a doua jumatate a lunii iunie sau la inceputul lunii iulie, in functie de conditiile climatice. Fructele prezinta rezistenta buna la crapare si se pastreaza bine la transport. Pomul este viguros, cu coroana larga. Katalin este autosteril si necesita polenizare incrucisata, fiind recomandate soiuri compatibile precum Van sau Bigarreau Burlat. Fructele sunt potrivite pentru consum proaspat, prajituri, tarte, gemuri, compoturi, congelare si conservare. Portaltoiul nu este mentionat in descriere si ramane necompletat.	https://pomifructiferionline.ro/produse/cires-katalin/	https://pomifructiferionline.ro/images/pomi-fructiferi/cires/cires-katalin/cires-katalin-1.png	in_stock	19.00 RON	new	no
PF-CIR-002	Cires Van	Cires Van este un soi obtinut la Statiunea de cercetari Columbia din Summerland, Canada, in anul 1936, din polenizarea libera a soiului Imparateasa Eugenia si autorizat in Romania in anul 1981. Pomul are vigoare medie spre mare, coroana larg piramidala, cresteri moderate si o buna permeabilitate pentru lumina. Este precoce si este cunoscut ca unul dintre cele mai productive soiuri de cires, fructificand pe buchete de mai si pe ramuri de rod scurte. Fructele sunt mari, de aproximativ 7-8 g, globuloase, usor aplatizate si rosii stralucitoare. Pulpa este pietroasa, ferma chiar si la maturitate completa, roz-rosiatica, cu suc slab colorat si gust dulce-acidulat. Soiul este sensibil la craparea fructelor. Perioada de maturare este 15-30 iunie. Portaltoiul mentionat este Prunus Mahaleb. Polenizatori recomandati: Katalin, Bigarreau Burlat, Hedelfingen si Germersdorf.	https://pomifructiferionline.ro/produse/cires-van/	https://pomifructiferionline.ro/images/pomi-fructiferi/cires/cires-van/cires-van-1.png	in_stock	19.00 RON	new	no
PF-CIR-003	Cires Kordia	Cires Kordia este un soi originar din Cehia. Pomul are vigoare mijlocie, coroana larga si pletoasa, este rezistent la ger si seceta si are productivitate mare. Fructele sunt mari, de aproximativ 9-10 g, carnoase, cu forma de inima si culoare de la rosu-inchis pana la negru stralucitor. Gustul este echilibrat si dulce, cu o aroma usor discreta. Perioada de maturare este la sfarsitul lunii iunie si inceputul lunii iulie. Portaltoiul mentionat este Prunus Mahaleb. Polenizatori recomandati: Van, Linda si Germarsdorf.	https://pomifructiferionline.ro/produse/cires-kordia/	https://pomifructiferionline.ro/images/pomi-fructiferi/cires/cires-kordia/cires-kordia-1.png	in_stock	19.00 RON	new	no
PF-CIR-004	Cires Urias de Hedelfinger	Cires Urias de Hedelfinger este un soi vechi de origine germana, foarte raspandit in zonele pomicole si considerat un soi principal in sortimentul cireselor. Pomul este viguros, cu coroana sferica sau larg conica, rara, cu ramuri divergente, iar la varsta inaintata poate capata ramuri pendente. Este rezistent la ger. Fructele sunt mari, de aproximativ 6-7 g, cu forma cordiforma usor alungita. Coaja este rosu inchis si devine rosu-negricios la maturitate. Pulpa este rosie, zemoasa si neaderenta la sambure, cu gust aromat, placut, dulce-acrisor. Recoltarea are loc la inceputul lunii iulie. Portaltoiul mentionat este Prunus Mahaleb (Cerasus mahaleb). Polenizatori recomandati: Urias de Germersdorf, Van si Katalin.	https://pomifructiferionline.ro/produse/cires-urias-de-hedelfinger/	https://pomifructiferionline.ro/images/pomi-fructiferi/cires/cires-urias-de-hedelfinger/cires-urias-de-hedelfinger-1.png	in_stock	19.00 RON	new	no
PF-CIR-005	Cires Donissen Gisella 5	Cires Donissen Gisella 5 este un soi viguros si foarte productiv, apreciat pentru adaptabilitatea sa la diferite tipuri de sol si conditii climatice. Fructele sunt de dimensiuni medii spre mari, cu coaja galben-aurie si gust echilibrat intre dulceata si aciditate. Soiul prezinta rezistenta buna la boli si daunatori si este recomandat pentru livezi intensive. Fructele sunt potrivite atat pentru consum proaspat, cat si pentru prelucrare. Portaltoiul, perioada de maturare si polenizatorii nu sunt mentionati in descriere si raman necompletati.	https://pomifructiferionline.ro/produse/cires-donissen-gisella-5/	https://pomifructiferionline.ro/images/pomi-fructiferi/cires/cires-donissen-gisella-5/cires-donissen-gisella-5-1.png	in_stock	19.00 RON	new	no
PF-CIR-006	Cires Boambe de Cotnari	Ciresul Boambe de Cotnari este un soi traditional romanesc originar din zona Cotnari, judetul Iasi, apreciat pentru fructele sale mari, dulci si suculente. Fructele sunt rotunde, uneori usor turtite, cu o coaja rosu intens care capata reflexii visinii la maturitate. Pulpa este carnoasa, suculenta si foarte dulce, cu o usoara aciditate si aroma placuta. Soiul este semitimpuriu si se matureaza in a doua jumatate a lunii iunie. Pomul este viguros, cu coroana larga, si necesita suficient spatiu pentru dezvoltare. Prezinta rezistenta buna la bolile comune ale ciresilor, dar necesita protectie corespunzatoare impotriva daunatorilor si a craparii fructelor in perioade ploioase. Este autosteril si necesita polenizare incrucisata. Polenizatori recomandati: Stella, Van si Bigarreau Burlat. Fructele sunt excelente pentru consum proaspat, gemuri, compoturi, deserturi si procesare. Portaltoiul nu este mentionat in descriere si ramane necompletat.	https://pomifructiferionline.ro/produse/cires-boambe-de-cotnari/	https://pomifructiferionline.ro/images/pomi-fructiferi/cires/cires-boambe-de-cotnari/cires-boambe-de-cotnari-1.png	in_stock	19.00 RON	new	no
PF-CIR-007	Cires Bigarreau Burlat	Ciresul Bigarreau Burlat este un soi foarte popular de origine franceza, apreciat pentru maturarea timpurie si calitatea fructelor. Fructele sunt medii spre mari, rotunde sau usor inimiforme, cu o coaja neteda si lucioasa, de culoare rosu inchis pana aproape de visiniu la maturitate. Pulpa este ferma, suculenta, foarte dulce si crocanta, cu aroma intensa si echilibrata. Soiul se matureaza de obicei la sfarsitul lunii mai sau inceputul lunii iunie, in functie de climat. Pomul este moderat viguros, cu coroana deschisa, ceea ce faciliteaza intretinerea si recoltarea. Prezinta o rezistenta relativ buna la craparea fructelor si la bolile comune ale ciresilor. Bigarreau Burlat este autosteril si necesita polenizare incrucisata. Polenizatori recomandati: Van, Lapins si Stella. Fructele sunt excelente pentru consum proaspat, tarte, compoturi si alte deserturi si se preteaza bine la transport datorita fermitatii pulpei. Portaltoiul nu este mentionat in descriere si ramane necompletat.	https://pomifructiferionline.ro/produse/cires-bigarreau-burlat/	https://pomifructiferionline.ro/images/pomi-fructiferi/cires/cires-bigarreau-burlat/cires-bigarreau-burlat-1.png	in_stock	19.00 RON	new	no
PF-CIR-008	Cires Timpurii de Bistrita	Cires Timpurii de Bistrita este un soi romanesc obtinut la Statiunea de Cercetare-Dezvoltare pentru Pomicultura Bistrita prin incrucisarea soiurilor Bigarreau Donissen si Ramon Oliva, omologat in anul 1978. Pomul are vigoare mare, intra timpuriu pe rod si rodeste abundent si constant. Coroana este globuloasa spre piramidala, iar fructificarea are loc pe ramuri de rod lungi si buchete de mai. Fructele sunt de dimensiuni mijlocii, aproximativ 5 g, cu forma ovoid-alungita. Coaja este rosu inchis spre negru la maturitate deplina si este foarte rezistenta la crapare pe timp ploios. Pulpa este semicrocanta, rosie cu vinisoare sangerii, suculenta, dulce si cu aroma tamaioasa. Soiul este recomandat in special pentru consum proaspat. Polenizatori recomandati: Rosii de Bistrita, Negre de Bistrita si Bigarreau Moreau. Portaltoiul si perioada exacta de maturare nu sunt mentionate in descriere si raman necompletate.	https://pomifructiferionline.ro/produse/cires-timpurii-de-bistrita/	https://pomifructiferionline.ro/images/pomi-fructiferi/cires/cires-timpurii-de-bistrita/cires-timpurii-de-bistrita-1.png	in_stock	19.00 RON	new	no
PF-CIR-009	Cires Carmen	Cires Carmen este un soi atent selectionat, originar din Ungaria, de vigoare mica spre medie si cu productivitate mare. Fructele sunt foarte mari, pietroase, in forma de inima, pot ajunge la aproximativ 33 mm in diametru si 10-13 g. Culoarea este rosu aprins, iar pulpa este pietroasa, suculenta si dulce, cu gust armonios. Perioada de recoltare este la inceputul lunii iunie. Soiul este potrivit in special pentru gradinile cu dimensiuni reduse. Polenizatori recomandati: Katalin, Summit, Canada Giant, Starking Hardy Giant si Germersdorf. Portaltoiul nu este mentionat in descriere si ramane necompletat.	https://pomifructiferionline.ro/produse/cires-carmen/	https://pomifructiferionline.ro/images/pomi-fructiferi/cires/cires-carmen/cires-carmen-1.png	in_stock	19.00 RON	new	no
PF-CIR-010	Cires Gigant Galben	Cires Gigant Galben este un soi renumit pentru dimensiunea impresionanta a fructelor sale. Ciresele sunt foarte mari, cu o culoare galben stralucitor si o pulpa extrem de zemoasa si dulce. Soiul are o perioada de coacere medie si este foarte productiv, fiind potrivit atat pentru livezi comerciale, cat si pentru gradini particulare. Portaltoiul si polenizatorii nu sunt mentionati in descriere si raman necompletati.	https://pomifructiferionline.ro/produse/cires-gigant-galben/	https://pomifructiferionline.ro/images/pomi-fructiferi/cires/cires-gigant-galben/cires-gigant-galben-1.png	in_stock	19.00 RON	new	no
PF-VIS-001	Visin Roditor de Erd	Visin Roditor de Erd este un soi foarte productiv si timpuriu, rezistent la ger si mediu rezistent la seceta. Este autopolenizant. Pomul are vigoare mijlocie, coroana sferica si trunchiul foarte gros, iar prima fructificare este tarzie. Fructele sunt mijlocii spre mari, de aproximativ 5-6 g, cu pielita bordo inchis spre negricios. Pulpa este tare, cu gust dulce-acidulat, sambure mic si suc cu putere moderata de colorare. Pedunculul este de lungime medie. Perioada de maturare este in jurul datei de 15 iunie. Portaltoiul nu este mentionat in descriere si ramane necompletat.	https://pomifructiferionline.ro/produse/visin-roditor-de-erd/	https://pomifructiferionline.ro/images/pomi-fructiferi/visin/visin-roditor-de-erd/visin-roditor-de-erd-1.png	in_stock	19.00 RON	new	no
PF-VIS-002	Visin Crisana	Visin Crisana este un soi autohton romanesc obtinut prin selectie clonala dintr-o populatie a vechiului soi Crisana la Institutul de Cercetare-Dezvoltare pentru Pomicultura Pitesti-Maracineni si omologat in anul 1975. Fructele sunt mari, de aproximativ 7 g, sferice, turtite la baza si dorsoventral, cu varful rotunjit. Epiderma este subtire, elastica si lucioasa, de culoare rosu purpuriu inchis. Pulpa este rosie-visinie, consistenta si suculenta, cu gust acidulat si suc rosu deschis, continand in medie aproximativ 12% substanta uscata. Samburele este mare si semiaderent, iar pedunculul este lung si se desprinde usor de fruct. Epoca de coacere este in a doua jumatate a lunii iunie. Pomul are vigoare mare, coroana globuloasa si fructifica preponderent pe ramuri mijlocii si lungi. Soiul este foarte rezistent la ger, destul de rezistent la seceta, relativ sensibil la monilioza si destul de rezistent la antracnoza. Portaltoiul si caracterul de autopolenizare nu sunt mentionate in descriere si raman necompletate.	https://pomifructiferionline.ro/produse/visin-crisana/	https://pomifructiferionline.ro/images/pomi-fructiferi/visin/visin-crisana/visin-crisana-1.png	in_stock	19.00 RON	new	no
PF-VIS-003	Visin Nana	Visin Nana este un soi apreciat pentru fructele sale de calitate si adaptabilitatea la diferite conditii de crestere. Fructele sunt de dimensiuni medii, rotunde sau usor ovale, cu o culoare rosu inchis sau visiniu. Pulpa este suculenta si destul de ferma, cu gust usor acidulat, dulceata echilibrata si aroma intensa. Soiul este timpuriu sau semitimpuriu si se matureaza in general in prima parte a lunii iunie. Prezinta rezistenta buna la craparea fructelor, o buna rezistenta la frig si toleranta la diferite conditii climatice. Este mentionata si o rezistenta buna la bolile comune ale visinului, inclusiv monilioza, cu recomandarea monitorizarii fitosanitare. Fructele sunt potrivite pentru consum proaspat, gemuri, compoturi, siropuri, conserve, deserturi si prajituri. Soiul este autosteril si necesita polenizare incrucisata cu alte soiuri compatibile de visin. Portaltoiul si soiurile polenizatoare concrete nu sunt mentionate in descriere si raman necompletate.	https://pomifructiferionline.ro/produse/visin-nana/	https://pomifructiferionline.ro/images/pomi-fructiferi/visin/visin-nana/visin-nana-1.png	in_stock	19.00 RON	new	no
PF-VIS-004	Visin Cigany	Visin Cigany este un soi traditional de visin originar din Ungaria, apreciat pentru fructele sale de calitate si adaptabilitatea la diferite conditii de mediu. Fructele sunt de dimensiuni medii, rotunde sau usor ovale, uniforme, cu o culoare rosu inchis, aproape visiniu. Pulpa este suculenta si destul de ferma, cu gust usor acidulat, dulceata echilibrata si aroma intensa. Soiul este semitimpuriu, iar fructele se coc in a doua jumatate a lunii iunie sau la inceputul lunii iulie, in functie de conditiile climatice. Prezinta rezistenta buna la craparea fructelor, rezistenta buna la frig si toleranta la variatii de temperatura. Este relativ rezistent la bolile comune ale visinului, inclusiv monilioza, dar necesita monitorizare si ingrijire corespunzatoare. Fructele sunt potrivite pentru consum proaspat, gemuri, compoturi, siropuri, conserve, deserturi si alte preparate culinare. Soiul este autosteril si necesita polenizare incrucisata cu alte soiuri compatibile de visin. Portaltoiul si soiurile polenizatoare concrete nu sunt mentionate in descriere si raman necompletate.	https://pomifructiferionline.ro/produse/visin-cigany/	https://pomifructiferionline.ro/images/pomi-fructiferi/visin/visin-cigany/visin-cigany-1.png	in_stock	19.00 RON	new	no
PF-VIS-005	Visin Josika Gabor	Visin Josika Gabor este un soi apreciat pentru fructele sale de calitate si adaptabilitatea la diferite conditii de crestere. Fructele sunt de dimensiuni medii pana la mari, rotunde si uniforme, cu o culoare rosu inchis si uneori reflexii aproape visinii. Pulpa este ferma si suculenta, cu gust echilibrat intre dulce si acidulat si aroma intensa. Soiul este semitimpuriu, cu maturare in a doua jumatate a lunii iunie sau la inceputul lunii iulie. Prezinta rezistenta buna la craparea fructelor, rezistenta buna la frig si la variatiile de temperatura si rezistenta moderata la bolile comune ale visinului, inclusiv monilioza. Fructele sunt potrivite pentru consum proaspat, gemuri, compoturi, siropuri, conserve si deserturi, iar fermitatea pulpei le face potrivite si pentru transport si comercializare. Soiul este autosteril si necesita polenizare incrucisata cu alte soiuri compatibile de visin. Portaltoiul si soiurile polenizatoare concrete nu sunt mentionate in descriere si raman necompletate.	https://pomifructiferionline.ro/produse/visin-josika-gabor/	https://pomifructiferionline.ro/images/pomi-fructiferi/visin/visin-josika-gabor/visin-josika-gabor-1.png	in_stock	19.00 RON	new	no
PF-MAR-014	Mar Starkprim	Mar Starkprim are vigoare mijlocie si port divergent, rodind predominant pe formatiuni de rod scurte si mijlocii. Soiul este imun la atacul de Venturia inaequalis si tolerant la Podosphaera leucotricha. Inflorirea are loc in perioada medie, iar polenizatorii recomandati sunt Prima, Florina si Starkrimson. Fructele sunt mari, de aproximativ 200 g, cu forma conic-trunchiata, slab costata. Epiderma are fond galben, acoperit cu rosu-orange pe partea insorita. Pedunculul este lung, de grosime medie, iar pulpa este galbuie, ferma, aromata, cu textura si suculenta medie. Coacerea are loc din ultima decada a lunii septembrie pana in prima decada a lunii octombrie, iar fructele se pot pastra in depozit pana in luna decembrie. Pentru livezi intensive este recomandat altoit pe portaltoii M26 si MM106, iar pentru livezi superintensive pe portaltoiul M9.	https://pomifructiferionline.ro/produse/mar-starkprim/	https://pomifructiferionline.ro/images/pomi-fructiferi/mar/mar-starkprim/mar-starkprim-1.png	in_stock	19.00 RON	new	no
PF-CAI-001	Cais Uriasa de Cegled	Cais Uriasa de Cegled este un soi cu vigoare mijlocie, care formeaza o coroana aplatizata, cu ramuri usor rasfirate. Intra repede pe rod si are productie mare, fiind rezistent la virozele specifice caisului. Fructele sunt mari, de aproximativ 70-100 g, de culoare portocalie, cu pete rosii pe partea insorita. Pulpa este galben deschisa, zemoasa, aromata si mijlociu consistenta, iar samburii sunt dulci. Fructele sunt potrivite pentru consum in stare proaspata si pentru procesare sub forma de sucuri, nectaruri si piureuri. Portaltoiul folosit este Mirobolan. Pentru polenizare sunt recomandate soiurile Dacia, Bergeron, Hargrand sau alte soiuri cu inflorire in aceeasi perioada.	https://pomifructiferionline.ro/produse/cais-uriasa-de-cegled/	https://pomifructiferionline.ro/images/pomi-fructiferi/cais/cais-uriasa-de-cegled/cais-uriasa-de-cegled-1.png	in_stock	19.00 RON	new	no
PF-CAI-002	Cais Aurora	Cais Aurora este un soi de cais timpuriu. Pomul are vigoare mijlocie, forma ovoidala si inflorire timpurie. Fructele sunt de marime medie, de aproximativ 40 g, avand o culoare rosie spre portocaliu si o aroma foarte placuta. Perioada de maturare este foarte timpurie, la inceputul lunii iunie, ceea ce face soiul potrivit pentru cei care doresc fructe de cais la inceputul sezonului.	https://pomifructiferionline.ro/produse/cais-aurora/	https://pomifructiferionline.ro/images/pomi-fructiferi/cais/cais-aurora/cais-aurora-1.png	in_stock	19.00 RON	new	no
PF-CAI-003	Cais Bergeron	Cais Bergeron este un soi foarte productiv si autofertil, cu pom de vigoare mijlocie spre mare, coroana globuloasa si crengi dese. Este foarte rezistent la ger, boli si daunatori. Fructele sunt mari, de forma sferica, cu epiderma galben-portocalie, acoperita cu rosu pe partea expusa la soare. Pulpa are textura ferma, este suculenta si aromata, iar samburele se desprinde usor de pulpa. Recoltarea are loc la sfarsitul lunii iulie.	https://pomifructiferionline.ro/produse/cais-bergeron/	https://pomifructiferionline.ro/images/pomi-fructiferi/cais/cais-bergeron/cais-bergeron-1.png	in_stock	19.00 RON	new	no
PF-CAI-004	Cais Viorica	Cais Viorica este un soi precoce, care intra pe rod in anul III de la plantare. Prezinta toleranta la principalele boli specifice caisului, fiind suficiente in mod obisnuit 4-5 tratamente, si are rezistenta buna la ger. Fructele sunt rezistente la manipulare si transport. Perioada de coacere este timpurie, intre 15 si 25 iunie. Productia poate ajunge la aproximativ 30-40 kg pe pom, la o densitate de 625 pomi pe hectar, echivalentul a aproximativ 20-25 tone pe hectar. Portaltoiul utilizat este piersic franc.	https://pomifructiferionline.ro/produse/cais-viorica/	https://pomifructiferionline.ro/images/pomi-fructiferi/cais/cais-viorica/cais-viorica-1.png	in_stock	19.00 RON	new	no
PF-CAI-005	Cais Sulmona	Cais Sulmona este un soi de cais cu epoca de inflorire tarzie. Fructele sunt de marime mijlocie spre mare, avand o greutate medie de aproximativ 70 g. Coacerea este tarzie, desfasurandu-se intre 29 iulie si 12 august. Soiul este autofertil si nu necesita plantarea obligatorie a unui alt soi polenizator pentru fructificare.	https://pomifructiferionline.ro/produse/cais-sulmona/	https://pomifructiferionline.ro/images/pomi-fructiferi/cais/cais-sulmona/cais-sulmona-1.png	in_stock	19.00 RON	new	no
PF-CAI-006	Cais NJA 19	Cais NJA 19 este un soi originar din S.U.A. Pomul are vigoare medie spre mare si o coroana cu aspect pletos, datorita cresterilor anuale foarte lungi. Inflorirea este timpurie si foarte abundenta, iar rodirea este combinata, pe toate tipurile de ramuri de rod. Soiul este autosteril si necesita polenizatori precum Sulmona, Tudor, Harcot sau Cea mai buna de Ungaria. Fructele sunt mijlocii spre mari, de aproximativ 70-80 g, au forma ovoidala si pielita galben-portocalie, cu putin rosu carmin pe partea insorita. Pulpa este galben-portocalie, aromata si neaderenta la sambure, iar samburele este mic. Soiul prezinta rezistenta buna la boli, in special la viroze. Productia medie mentionata pentru 5 ani consecutivi este de aproximativ 15 t/ha. Maturarea are loc in a doua decada a lunii iunie.	https://pomifructiferionline.ro/produse/cais-nja-19/	https://pomifructiferionline.ro/images/pomi-fructiferi/cais/cais-nja-19/cais-nja-19-1.png	in_stock	19.00 RON	new	no
PF-CAI-007	Cais Carmela	Cais Carmela este un soi romanesc obtinut prin incrucisarea soiurilor Farmigdale si NJA 20 si autorizat in anul 2002 de S.C.D.P. Baneasa. Pomul este de vigoare mijlocie, foarte productiv si cu rodire precoce. Fructele au forma sferic-alungita si sunt foarte mari, cu greutati de aproximativ 98-110 g. Pielita este galben-portocalie, acoperita cu rosu pe aproximativ trei sferturi din suprafata fructului. Pulpa este portocalie, consistenta si ferma, cu gust dulce, usor acidulat si aroma placuta specifica caiselor. Samburele este neaderent la pulpa. Productia poate ajunge la aproximativ 38-40 kg pe pom la o densitate de 625 pomi pe hectar. Soiul este rezistent la bolile specifice caisului si la ger. Perioada de recoltare este intre 15 si 20 iunie.	https://pomifructiferionline.ro/produse/cais-carmela/	https://pomifructiferionline.ro/images/pomi-fructiferi/cais/cais-carmela/cais-carmela-1.png	in_stock	19.00 RON	new	no
PF-CAI-008	Cais Rares	Cais Rares este un soi de cais cu fructe de marime medie spre mare, avand o greutate de aproximativ 60-65 g si forma sferic-alungita. Soiul se preteaza pentru livezi cu densitate mare, la distante de aproximativ 4 x 4 m, ceea ce corespunde unei densitati de aproximativ 625 pomi pe hectar. Productia poate ajunge la aproximativ 30-35 kg pe pom. Epoca de coacere este extratimpurie, intre 1 si 15 iunie. Portaltoiul folosit este piersic franc.	https://pomifructiferionline.ro/produse/cais-rares/	https://pomifructiferionline.ro/images/pomi-fructiferi/cais/cais-rares/cais-rares-1.png	in_stock	19.00 RON	new	no
PF-CAI-009	Cais Dacia	Cais Dacia este un soi apreciat pentru gustul foarte bun, echilibrat si aroma placuta specifica caiselor. Pomul manifesta precocitate de rodire, intrand pe rod in anul III de la plantare. Productia medie este de aproximativ 40-45 kg pe pom. Fructele ajung la maturitatea de recoltare si consum in perioada 1-10 iulie.	https://pomifructiferionline.ro/produse/cais-dacia/	https://pomifructiferionline.ro/images/pomi-fructiferi/cais/cais-dacia/cais-dacia-1.png	in_stock	19.00 RON	new	no
PF-NUC-001	Nuc Chandler	Nuc Chandler este un soi dezvoltat de Universitatea din California, apreciat pentru productivitatea ridicata si calitatea superioara a nucilor. Pomul este de vigoare mare, infrunzeste si infloreste tarziu. Fructele sunt mari, au coaja subtire si un miez de culoare deschisa, care se desprinde usor din coaja. Portaltoiul mentionat pentru acest produs este Juglans.	https://pomifructiferionline.ro/produse/nuc-chandler/	https://pomifructiferionline.ro/images/pomi-fructiferi/nuc/nuc-chandler/nuc-chandler-1.png	in_stock	35.00 RON	new	no
PF-NUC-002	Nuc Milotai	Nuc Milotai 10 este un soi obtinut prin altoire, semitimpuriu si sensibil la gerurile de primavara. Intra pe rod timpuriu, iar aproximativ 20-30% din totalul fructelor apar pe muguri laterali. Fructele au o greutate de aproximativ 13-17 g, diametrul de 33-35 mm si forma rotunda. Coaja este subtire, neteda si de culoare maro-galbuie. Miezul reprezinta aproximativ 47-52% din greutatea totala a fructului, are culoare alb-galbuie, gust placut si calitate buna. Soiul este potrivit pentru valorificarea nucilor proaspete sau sub forma de miez. Pomul are vigoare mijlocie; in prima perioada de crestere crengile cresc in sus, iar la maturitate coroana devine globuloasa. Este pretentios fata de conditiile de sol.	https://pomifructiferionline.ro/produse/nuc-milotai/	https://pomifructiferionline.ro/images/pomi-fructiferi/nuc/nuc-milotai/nuc-milotai-1.png	in_stock	35.00 RON	new	no
PF-NUC-003	Nuc Carpatica	Nuc Carpatica este un soi deosebit, obtinut in urma unui proces indelungat de selectie si dezvoltare, remarcat prin dimensiunea impresionanta a fructelor. Nucile pot ajunge pana la aproximativ 90 mm lungime si o greutate de pana la 50 g, dimensiuni foarte rar intalnite. Soiul poate fi cultivat cu succes in livada si prezinta interes atat din punct de vedere agronomic, cat si comercial. Este considerat un soi de nisa, recomandat pentru suprafete restranse, unde fructele sale spectaculoase pot obtine o valoare comerciala superioara nucilor obisnuite. De asemenea, poate fi plantat ca arbore decorativ, fructele foarte mari atragand imediat atentia.	https://pomifructiferionline.ro/produse/nuc-carpatica/	https://pomifructiferionline.ro/images/pomi-fructiferi/nuc/nuc-carpatica/nuc-carpatica-1.png	in_stock	35.00 RON	new	no
PF-NUC-004	Nuc Sibisel	Nuc Sibisel a fost selectionat la SCDP Geoagiu, judetul Hunedoara, din populatiile de nuc de la Sibisel si introdus in cultura in anul 1979. Pomul este de vigoare mijlocie, cu coroana piramidala larga si ramuri de schelet lungi si groase, garnisite cu formatiuni de rod mixte. Infloreste in prima decada a lunii mai, iar caracterul infloritului este protogin. Polenizatori potentiali: Bratia, Pestisani, Susita, Jupanesti, Sarmis, Roxana, Muscelean, Secular RM, Mihaela si Sibisel precoce. Soiul este rezistent la ger, intra pe rod in anul 6 de la plantare si rodeste bine si constant. Fructul este mare, cu o greutate medie de aproximativ 14,5 g, echivalentul a circa 69 fructe/kg. Coaja este maro-galbuie, subtire, cu sudura valvelor buna si proeminenta, iar fructul se sparge usor cu mana. Este destinat consumului in stare proaspata si utilizarii in produse de cofetarie.	https://pomifructiferionline.ro/produse/nuc-sibisel/	https://pomifructiferionline.ro/images/pomi-fructiferi/nuc/nuc-sibisel/nuc-sibisel-1.png	in_stock	35.00 RON	new	no
PF-NUC-005	Nuc Ovata	Nuc Ovata este al doilea soi de nuc omologat si dezvoltat de Pepiniera Voinesti. Fructele au o greutate medie de aproximativ 24 g si un continut de miez de circa 48%. Nucile se remarca prin forma deosebita, coaja subtire si miezul cu gust fin si dulce. Datorita calitatilor organoleptice, soiul este potrivit atat pentru plantatii comerciale, cat si pentru gospodarii, acolo unde exista suficient spatiu pentru dezvoltarea viguroasa a pomului. Este de asemenea potrivit pentru comercializarea nucilor in coaja, atat pe piata interna, cat si la export.	https://pomifructiferionline.ro/produse/nuc-ovata/	https://pomifructiferionline.ro/images/pomi-fructiferi/nuc/nuc-ovata/nuc-ovata-1.png	in_stock	35.00 RON	new	no
PF-GUT-001	Gutui Constantinopol	Gutui Constantinopol este un soi vechi, originar din Turcia, foarte productiv si de vigoare mijlocie, formand o coroana rara. Gutuiul apartine speciei Cydonia oblonga si poate ajunge la aproximativ 4-6 m inaltime si 3-4,5 m diametru. Prefera locurile insorite si solurile profunde, fertile si bine drenate, vegetand bine si pe soluri lutoase, argiloase, luto-nisipoase si aluviale, inclusiv in conditii de umiditate mai ridicata. Este iubitor de apa si prefera temperaturi cuprinse aproximativ intre 7 si 30 de grade Celsius. Intra pe rod in anul 2-3 de la plantare. Fructele pot avea forma piriforma, sferica sau invers-ovoida, cu pielita pubescenta, galbena, verde sau verde-galbuie, iar pulpa este slab suculenta.	https://pomifructiferionline.ro/produse/gutui-constantinopol/	https://pomifructiferionline.ro/images/pomi-fructiferi/gutui/gutui-constantinopol/gutui-constantinopol-1.png	in_stock	19.00 RON	new	no
PF-GUT-002	Gutui Bereczky	Gutui Bereczky este un soi de gutui din specia Cydonia oblonga, potrivit pentru livezi si gospodarii. Pomul poate ajunge la aproximativ 4-6 m inaltime si 3-4,5 m diametru. Prefera locurile insorite si solurile profunde, fertile si bine drenate, vegetand bine si pe soluri lutoase, argiloase, luto-nisipoase si aluviale, inclusiv in conditii de umiditate mai ridicata. Este iubitor de apa si prefera temperaturi intre aproximativ 7 si 30 de grade Celsius. Intra pe rod in anul 2-3 de la plantare. Soiul Bereczky este rezistent atat la inghet, cat si la boli. Fructele pot avea forma piriforma, sferica sau invers-ovoida, cu pielita pubescenta, galbena, verde sau verde-galbuie. Pulpa este alb-galbuie, crocanta, potrivit de suculenta, acidulat-dulce, cu putine sclereide si slab astringenta.	https://pomifructiferionline.ro/produse/gutui-bereczky/	https://pomifructiferionline.ro/images/pomi-fructiferi/gutui/gutui-bereczky/gutui-bereczky-1.png	in_stock	19.00 RON	new	no
PF-GUT-003	Gutui Aurii	Gutui Aurii este un soi de origine romaneasca, cu perioada de coacere mijlocie, intre 15 septembrie si 15 octombrie, ajungand de regula la maturitate la inceputul lunii octombrie. Fructele sunt mari, de aproximativ 300-500 g, cu forma globuros-alungita, usor ingustata spre capete si cu coaste largi. Pielita este subtire, galben-orange si acoperita cu perisori fini. Pulpa este galbuie, crocanta, densa, suculenta, cu sclereide, iar gustul este acidulat si aromat. Fructele se pot pastra aproximativ 2-3 luni in conditii normale de depozitare. Pomul are vigoare mijlocie.	https://pomifructiferionline.ro/produse/gutui-aurii/	https://pomifructiferionline.ro/images/pomi-fructiferi/gutui/gutui-aurii/gutui-aurii-1.png	in_stock	19.00 RON	new	no
PF-GUT-004	Gutui Champion	Gutui Champion (Campion) este un soi originar din S.U.A., cu perioada de coacere mijlociu-tarzie, intre 15 septembrie si dupa 15 octombrie, ajungand la maturitate in octombrie. Fructele sunt mari spre foarte mari, de aproximativ 400-550 g, cu forma ovoid-piriforma. Pielita este galben-verzuie cu perisori pe partea umbrita la recoltare si devine galben-aurie la maturitate deplina, cand puful dispare. Pulpa este galbuie-albicioasa, tare, cu suculenta medie si usor astringenta, iar gustul este dulce-acrisor si foarte aromat. Fructele se pot pastra aproximativ 3 luni in conditii normale de depozitare. Pomul are vigoare mare.	https://pomifructiferionline.ro/produse/gutui-champion/	https://pomifructiferionline.ro/images/pomi-fructiferi/gutui/gutui-champion/gutui-champion-1.png	in_stock	19.00 RON	new	no
PF-ZME-001	Zmeur Polka	Zmeur Polka (Rubus idaeus) este un soi remontant foarte productiv, apreciat pentru fructele foarte mari si gustoase, de culoare rosu aprins la maturitate. Fructele sunt suculente, dulci, parfumate si bogate in arome, fiind excelente pentru consum proaspat, dar si pentru gem, marmelada, sucuri sau siropuri. O tufa rodeste in jur de 2,5 kg, iar in conditii bune productia poate ajunge la aproximativ 3-6 kg pe tufa pe an. Rodirea este repetata din iulie pana in octombrie. Soiul este apreciat pentru rezistenta ridicata la seceta, daunatori si boli, precum si la inghet pana la aproximativ -25 C. Are pretentii scazute fata de sol si poate oferi recolte bogate an de an. Fructele sunt cunoscute si pentru continutul ridicat de vitamina C.	https://pomifructiferionline.ro/produse/zmeur-polka/	https://pomifructiferionline.ro/images/arbusti-fructiferi/zmeur/zmeur-polka/zmeur-polka-1.png	in_stock	20.00 RON	new	no
PF-ZME-002	Zmeur Gigant	Zmeur Gigant este o incrucisare intre murul nord-american (Rubus ursinus) si zmeurul european (Rubus idaeus), realizata in 1979 in Scotia. Produce fructe foarte mari, de pana la aproximativ 4 cm, gustoase si bogate in vitamine si antioxidanti. Fructificarea are loc in etape, incepand din luna iunie si, la plantele mature, poate continua pana toamna tarziu. In ferme specializate au fost raportate productii de pana la aproximativ 27 t/ha, iar pentru exemplarele adulte din gradini au fost raportate productii de pana la 35 kg/planta. Soiul rezista la temperaturi de pana la aproximativ -25 C si este foarte rezistent la boli si daunatori. Pentru productie abundenta se recomanda o zona insorita si irigare regulata. La livrare, planta are aproximativ 30 cm cu ghiveciul inclus, in ghiveci de 11-14 cm sau aproximativ 2 litri.	https://pomifructiferionline.ro/produse/zmeur-gigant/	https://pomifructiferionline.ro/images/arbusti-fructiferi/zmeur/zmeur-gigant/zmeur-gigant-1.png	in_stock	20.00 RON	new	no
PF-ZME-003	Zmeur Galben	Zmeur Galben este un arbust fructifer livrat cu radacina nuda, sub forma de butasi sau drajoni. Plantele pot fi plantate toamna tarziu, dupa iesirea din vegetatie, sau primavara devreme, inainte de pornirea in vegetatie. Soiul produce fructe mari, de culoare galben-aprins, remarcate prin gustul foarte dulce. Fructificarea incepe la inceputul lunii iunie si dureaza aproximativ 3 saptamani.	https://pomifructiferionline.ro/produse/zmeur-galben/	https://pomifructiferionline.ro/images/arbusti-fructiferi/zmeur/zmeur-galben/zmeur-galben-1.png	in_stock	20.00 RON	new	no
PF-ZME-004	Zmeur Golden Queen	Zmeur Golden Queen (Rubus idaeus) este un soi deosebit si foarte productiv, cu fructe de marime medie, galben-aurii la maturitate. Fructele sunt suculente, parfumate, dulci si bogate in arome, fiind potrivite pentru consum proaspat, deserturi, gem, marmelada, sucuri sau siropuri. Fructifica abundent, cu coacere tarzie, de la sfarsitul lunii august pana la primul inghet. Productia poate ajunge la aproximativ 4-6 kg pe tufa pe an. Soiul este apreciat pentru rezistenta ridicata la seceta, daunatori si boli, precum si la inghet pana la aproximativ -25 C. Are pretentii scazute fata de sol si poate oferi recolte bogate an de an.	https://pomifructiferionline.ro/produse/zmeur-golden-queen/	https://pomifructiferionline.ro/images/arbusti-fructiferi/zmeur/zmeur-golden-queen/zmeur-golden-queen-1.png	in_stock	20.00 RON	new	no
PF-NEC-001	Nectarin Nectared	Nectarin Nectared este un soi american din familia Rosaceae, de talie mijlocie, productiv si viguros, cu o buna capacitate de autoreglare a productiei. Este autofertil si, fiind creat pentru productie ridicata, poate avea tendinta de indesire. Infloreste in mijlocul primaverii si se recomanda plantarea in plin soare. Fructele pot ajunge la aproximativ 130 g, au forma sferica si aproximativ simetrica. Pielita este galben-deschis si se acopera pe circa 70-80% din suprafata cu rosu viu. Samburele este de marime mijlocie si bombat. Pulpa este galbena, consistenta, dulce, putin acidulata si semiaderenta la sambure. Fructele sunt potrivite atat pentru consum proaspat, cat si pentru industrializare. Perioada de recoltare este iulie-august.	https://pomifructiferionline.ro/produse/nectarin-nectared/	https://pomifructiferionline.ro/images/pomi-fructiferi/nectarin/nectarin-nectared/nectarin-nectared-1.png	in_stock	19.00 RON	new	no
PF-NEC-002	Nectarin Flavortop	Nectarin Flavortop este un soi foarte apreciat pentru calitatea superioara a fructelor sale. Fructele sunt mari, rotunde si uniforme, cu pielita neteda, rosu-stralucitor, cu usoare nuante galbene pe partea umbrita. Pulpa este galbena, ferma si foarte suculenta, cu gust dulce si intens, aroma placuta si un echilibru bun intre dulceata si aciditate. Recoltarea are loc de obicei la sfarsitul lunii iulie si inceputul lunii august. Soiul este autofertil si este cunoscut pentru rezistenta relativa la boli comune ale nectarinelor, inclusiv monilioza si putregaiul fructelor. Se dezvolta cel mai bine in climate temperate, in locuri insorite, pe soluri fertile si bine drenate. Fructele sunt excelente pentru consum proaspat, dar si pentru tarte, gemuri, compoturi, deserturi si conservare.	https://pomifructiferionline.ro/produse/nectarin-flavortop/	https://pomifructiferionline.ro/images/pomi-fructiferi/nectarin/nectarin-flavortop/nectarin-flavortop-1.png	in_stock	19.00 RON	new	no
PF-NEC-003	Nectarin Andosa	Nectarin Andosa este un soi apreciat pentru fructele sale de calitate superioara, potrivite atat pentru consum proaspat, cat si pentru utilizari culinare. Fructele sunt de dimensiuni medii spre mari, rotunde, usor alungite si uniforme, cu pielita neteda de culoare rosu intens. Pulpa este galbena, ferma, densa si suculenta, cu gust dulce, aroma intensa si aciditate bine echilibrata. Recoltarea are loc de obicei in lunile august si la inceputul lunii septembrie. Soiul este relativ rezistent la bolile comune si la daunatori, dar necesita monitorizare pentru monilioza si putregaiul fructelor. Se dezvolta bine in climate temperate, pe soluri fertile si bine drenate. Este autofertil, iar prezenta altor soiuri de nectarine sau piersici in apropiere poate contribui la un randament mai bun.	https://pomifructiferionline.ro/produse/nectarin-andosa/	https://pomifructiferionline.ro/images/pomi-fructiferi/nectarin/nectarin-andosa/nectarin-andosa-1.png	in_stock	19.00 RON	new	no
PF-NEC-004	Nectarin Tina	Nectarin Tina este un soi apreciat pentru fructele sale dulci, aromate si de dimensiuni medii spre mari. Fructele sunt rotunde si simetrice, cu pielita neteda si stralucitoare, predominant rosu intens, cu nuante galbene sau portocalii pe partea mai umbrita. Pulpa este galbena, ferma si suculenta, cu gust dulce, usor acidulat si aroma intensa. Recoltarea are loc in luna iulie, cu maturare uniforma. Soiul este bine adaptat la diverse conditii climatice, preferand climate temperate si soluri fertile, bine drenate si bogate in materie organica. Este autofertil si poate produce fara un alt polenizator, iar prezenta altor soiuri de nectarine sau piersici in apropiere poate sustine productia. Fructele sunt potrivite pentru consum proaspat, tarte, gemuri, compoturi, deserturi si conserve.	https://pomifructiferionline.ro/produse/nectarin-tina/	https://pomifructiferionline.ro/images/pomi-fructiferi/nectarin/nectarin-tina/nectarin-tina-1.png	in_stock	19.00 RON	new	no
PF-NEC-005	Nectarin Cora	Nectarin Cora este un soi extratimpuriu, rezultat al unei colaborari romano-americane. Pomul este viguros si rodeste predominant pe ramuri mixte. Fructele au in medie 80-100 g, sunt gustoase si aspectoase, iar potentialul de productie este ridicat, de aproximativ 22-25 kg/pom. Inflorirea este abundenta in perioada martie-aprilie. Soiul este autofertil, rezistent la ger, boli si daunatori si necesita rarirea fructelor pentru mentinerea calitatii productiei. Maturarea fructelor are loc intre 22 iunie si 10 iulie, fiind unul dintre primele soiuri de nectarin care se coc in conditiile tarii noastre. Distanta recomandata de plantare este de aproximativ 4,5 x 4 m, iar forma de coroana recomandata este vas ameliorat. Portaltoiul folosit este Piersic Franc, categoria C.A.C. Perioada de plantare este octombrie-martie, cand planta se afla in repaus vegetativ si solul nu este inghetat.	https://pomifructiferionline.ro/produse/nectarin-cora/	https://pomifructiferionline.ro/images/pomi-fructiferi/nectarin/nectarin-cora/nectarin-cora-1.png	in_stock	19.00 RON	new	no
PF-NEC-006	Nectarin Madego	Nectarin Madego este un soi excelent pentru gradinile particulare, apreciat pentru portul sau mai redus si capacitatea buna de adaptare. La maturitate, pomul ajunge la aproximativ 3-4 m inaltime si formeaza o coroana frumoasa. Este autofertil si nu necesita un alt polenizator pentru fructificare. Fructele sunt foarte mari, cu o greutate de aproximativ 170-200 g, gustoase si aromate. Perioada de coacere este in luna iulie, soiul fiind considerat semitimpuriu. Productivitatea poate ajunge la aproximativ 30-40 kg per pom. Se recomanda plantarea la o distanta de aproximativ 4 x 4 m, intr-un loc insorit. Soiul prezinta o buna rezistenta la frig, pana la aproximativ -28°C, si este rar afectat de boli sau daunatori. Perioada indicata pentru plantare este martie-noiembrie.	https://pomifructiferionline.ro/produse/nectarin-madego/	https://pomifructiferionline.ro/images/pomi-fructiferi/nectarin/nectarin-madego/nectarin-madego-1.png	in_stock	19.00 RON	new	no
PF-NEC-007	Nectarin Venus	Nectarin Venus este un soi de origine italiana, destinat in special infiintarii livezilor in regim superintensiv, unde poate oferi productii foarte mari. Fructele sunt mari, cu pielita galbena acoperita de pete rosii stralucitoare, iar pulpa este galbena, cu putine vinisoare rosii si aroma foarte buna, specifica nectarinelor. Soiul prefera zonele cu clima temperata si calda si se adapteaza la majoritatea tipurilor de teren, cu exceptia celor excesiv de umede. Este altoit pe portaltoi GF 677, un hibrid intre piersic si migdal, care imprima vigoare ridicata, toleranta la reactia alcalina a solului, la nematozi si la calcar activ de pana la aproximativ 12%. Perioada de coacere este in jurul jumatatii lunii august. Se recomanda evitarea plantarii pe terenuri unde a mai fost cultivata aceeasi specie. Durata de viata poate varia intre aproximativ 10 si 25 de ani, in functie de conditiile de plantare si intretinere.	https://pomifructiferionline.ro/produse/nectarin-venus/	https://pomifructiferionline.ro/images/pomi-fructiferi/nectarin/nectarin-venus/nectarin-venus-1.png	in_stock	19.00 RON	new	no
PF-NEC-008	Nectarin Fantasia	Nectarin Fantasia este un soi bine cunoscut si apreciat pentru fructele sale foarte mari, aspectuoase si de calitate superioara. Pomul este viguros, foarte productiv si autofertil. Fructele au forma usor alungita sau ovala, cu pielita neteda, de culoare rosu-aprins, cu mici zone galben-portocalii pe partea umbrita. Pulpa este galbena, ferma, consistenta si suculenta, cu gust dulce-acrisor echilibrat si aroma intensa. La maturitate deplina, pulpa devine mai frageda si este neaderenta la sambure. Perioada de recoltare este august-septembrie, soiul fiind considerat semitarziu. Fantasia este potrivit atat pentru consum proaspat, cat si pentru gemuri, compoturi, tarte, deserturi si conserve. Preferă zonele insorite, cu climat temperat spre cald, si solurile fertile, bine drenate si bogate in materie organica.	https://pomifructiferionline.ro/produse/nectarin-fantasia/	https://pomifructiferionline.ro/images/pomi-fructiferi/nectarin/nectarin-fantasia/nectarin-fantasia-1.png	in_stock	19.00 RON	new	no
PF-PIE-001	Piersic Redhaven	Piersic Redhaven este unul dintre cele mai cunoscute si apreciate soiuri de piersic, renumit pentru calitatea fructelor si adaptabilitatea buna la diferite conditii de cultivare. Fructele sunt medii spre mari, rotunde si usor aplatizate, cu pielita galbena si nuanta rosu intens pe partea expusa la soare. Pulpa este galbena, fina, suculenta si placuta la consum, cu gust dulce, aromat si o usoara aciditate care ii ofera un echilibru foarte bun. Recoltarea are loc in jurul lunii august. Soiul este in general autofertil si poate produce fara un polenizator suplimentar, desi prezenta altor soiuri de piersic in apropiere poate sustine productivitatea. Redhaven este apreciat pentru adaptabilitatea sa, pentru rezistenta buna la unele boli comune, precum monilioza si putregaiul fructelor, si pentru comportamentul bun in conditii climatice variate. Fructele sunt excelente pentru consum proaspat, dar si pentru tarte, gemuri, compoturi si conserve.	https://pomifructiferionline.ro/produse/piersic-redhaven/	https://pomifructiferionline.ro/images/pomi-fructiferi/piersic/piersic-redhaven/piersic-redhaven-1.png	in_stock	19.00 RON	new	no
PF-PIE-002	Piersic Superba de Toamna	Piersic Superba de Toamna este un soi apreciat pentru fructele sale de calitate superioara si pentru capacitatea de a prelungi sezonul de recoltare. Fructele sunt medii spre mari, rotunde si usor aplatizate, cu pielita galbena si o nuanta rosu intens pe partea expusa la soare. Pulpa este galbena, fina, suculenta si placut crocanta, cu gust dulce, aroma intensa si o usoara aciditate care ofera un echilibru foarte bun. Recoltarea are loc in general in luna septembrie si poate continua pana la inceputul lunii octombrie. Soiul este in general autofertil, adaptabil la diferite conditii climatice si relativ rezistent la unele boli comune ale piersicului, precum monilioza si putregaiul fructelor. Se dezvolta cel mai bine in soluri fertile, bine drenate si bogate in materie organica. Fructele sunt excelente pentru consum proaspat, dar si pentru tarte, gemuri, compoturi si conserve.	https://pomifructiferionline.ro/produse/piersic-superba-de-toamna/	https://pomifructiferionline.ro/images/pomi-fructiferi/piersic/piersic-superba-de-toamna/piersic-superba-de-toamna-1.png	in_stock	19.00 RON	new	no
PF-PIE-003	Piersic Springold	Piersic Springold este un soi apreciat pentru timpurietatea recoltarii si pentru calitatea fructelor. Fructele sunt de dimensiuni medii, rotunde si usor aplatizate, bine conturate si uniforme. Pielita este galbena, cu o tenta rosie pe partea expusa la soare. Pulpa este galbena, fina, suculenta si placut crocanta, cu gust dulce, aroma intensa si o usoara aciditate care ofera un echilibru placut. Recoltarea are loc de regula in luna iulie, ceea ce face soiul potrivit pentru cei care doresc o productie timpurie. Springold este in general autofertil, adaptabil la diverse conditii climatice si relativ rezistent la unele boli comune ale piersicului, precum monilioza si putregaiul fructelor. Se dezvolta cel mai bine in soluri fertile, bine drenate si bogate in materie organica. Fructele sunt excelente pentru consum proaspat, dar si pentru tarte, gemuri, compoturi si conserve.	https://pomifructiferionline.ro/produse/piersic-springold/	https://pomifructiferionline.ro/images/pomi-fructiferi/piersic/piersic-springold/piersic-springold-1.png	in_stock	19.00 RON	new	no
PF-PIE-004	Piersic Dixired	Piersic Dixired este un soi apreciat pentru timpurietatea recoltarii, calitatea fructelor si adaptabilitatea buna la diferite conditii de cultivare. Fructele sunt medii spre mari, rotunde si usor aplatizate, bine conturate si uniforme. Pielita este galbena, acoperita in mare parte de o nuanta rosu intens spre bordo pe partea expusa la soare. Pulpa este galbena, fina, crocanta si suculenta, cu gust dulce, aroma intensa si o usoara aciditate care ofera un echilibru placut. Recoltarea are loc in general in luna iulie si poate continua pana la inceputul lunii august. Dixired este in general autofertil si relativ rezistent la unele boli comune ale piersicului, precum monilioza si putregaiul fructelor. Se adapteaza bine la diverse conditii climatice si soluri, dar se dezvolta cel mai bine pe terenuri fertile, bine drenate si bogate in materie organica. Fructele sunt excelente pentru consum proaspat, dar si pentru tarte, gemuri, compoturi si conserve.	https://pomifructiferionline.ro/produse/piersic-dixired/	https://pomifructiferionline.ro/images/pomi-fructiferi/piersic/piersic-dixired/piersic-dixired-1.png	in_stock	19.00 RON	new	no
PF-PIE-005	Piersic Champion	Piersic Champion este un soi renumit pentru fructele sale mari si de calitate superioara, apreciat atat in gradini, cat si in livezi. Fructele sunt mari, rotunde si usor aplatizate, bine conturate si uniforme. Pielita este galbena, cu o nuanta rosu intens pe partea expusa la soare. Pulpa este galbena, fina, suculenta si placut crocanta, cu gust dulce, aroma intensa si o usoara aciditate care ofera un echilibru placut. Recoltarea are loc de regula in luna august. Champion este in general autofertil si se adapteaza bine la conditii climatice variate. Soiul este cunoscut pentru rezistenta buna la unele boli comune ale piersicului, precum monilioza si putregaiul fructelor, si pentru toleranta la temperaturi scazute. Se dezvolta cel mai bine in soluri fertile, bine drenate si bogate in materie organica. Fructele sunt excelente pentru consum proaspat, dar si pentru tarte, gemuri, compoturi si conserve.	https://pomifructiferionline.ro/produse/piersic-champion/	https://pomifructiferionline.ro/images/pomi-fructiferi/piersic/piersic-champion/piersic-champion-1.png	in_stock	19.00 RON	new	no
PF-PIE-006	Piersic Cardinal	Piersic Cardinal este un soi apreciat pentru fructele sale mari si de calitate superioara, potrivit atat pentru gradini, cat si pentru livezi. Fructele sunt mari, rotunde si usor aplatizate, bine conturate si uniforme. Pielita este galbena, cu o tenta rosu intens pe partea expusa la soare, oferind fructelor un aspect atragator. Pulpa este galbena, fina, suculenta si placut crocanta, cu gust dulce si aroma intensa, bine echilibrata. Recoltarea are loc in general in luna august. Cardinal este in general autofertil, astfel ca poate produce fructe fara un polenizator suplimentar, desi prezenta altor soiuri de piersic in apropiere poate sustine productivitatea. Soiul este relativ rezistent la unele boli comune ale piersicului, precum monilioza si putregaiul fructelor, si se adapteaza bine la diverse conditii climatice. Se dezvolta cel mai bine in soluri fertile, bine drenate si bogate in materie organica. Fructele sunt excelente pentru consum proaspat, dar si pentru tarte, gemuri, compoturi si conserve.	https://pomifructiferionline.ro/produse/piersic-cardinal/	https://pomifructiferionline.ro/images/pomi-fructiferi/piersic/piersic-cardinal/piersic-cardinal-1.png	in_stock	19.00 RON	new	no
PF-PIE-007	Piersic Baby Gold	Piersic Baby Gold este un soi apreciat pentru fructele sale gustoase, suculente si pentru adaptabilitatea buna la diferite conditii de cultivare. Fructele sunt de dimensiuni medii, rotunde si usor aplatizate, bine conturate si uniforme. Pielita este galben-stralucitoare, cu nuante rosii pe partea expusa la soare, oferind fructelor un aspect atragator. Pulpa este galbena, fina, suculenta si placut crocanta, cu gust dulce si aroma bine echilibrata. Recoltarea are loc de regula in luna august. Baby Gold este in general autofertil si poate produce fructe fara un polenizator suplimentar, desi prezenta altor soiuri de piersic in apropiere poate sustine productivitatea. Soiul este relativ rezistent la unele boli comune ale piersicului, precum monilioza si putregaiul fructelor, si se adapteaza bine la diferite conditii climatice si tipuri de sol. Se dezvolta cel mai bine in soluri fertile, bine drenate si bogate in materie organica. Fructele sunt excelente pentru consum proaspat, dar si pentru tarte, gemuri, compoturi si conserve.	https://pomifructiferionline.ro/produse/piersic-baby-gold/	https://pomifructiferionline.ro/images/pomi-fructiferi/piersic/piersic-baby-gold/piersic-baby-gold-1.png	in_stock	19.00 RON	new	no
PF-PIE-008	Piersic Triumf	Piersic Triumf este un soi apreciat pentru calitatea fructelor si pentru adaptabilitatea sa la diferite conditii de cultivare. Fructele sunt medii spre mari, rotunde si usor aplatizate, bine conturate si uniforme. Pielita este galbena, cu o tenta rosu intens pe partea expusa la soare, oferind fructelor un aspect atragator. Pulpa este galbena, fina, suculenta si placut crocanta, cu gust dulce, aroma intensa si o usoara aciditate care ofera un echilibru placut. Recoltarea are loc de regula in luna august. Triumf este in general autofertil, ceea ce permite fructificarea fara un polenizator suplimentar, desi prezenta altor soiuri de piersic in apropiere poate sustine randamentul. Soiul este cunoscut pentru rezistenta buna la unele boli comune ale piersicului, precum monilioza si putregaiul fructelor, si pentru toleranta la temperaturi scazute. Se adapteaza la diferite conditii climatice si se dezvolta cel mai bine in soluri fertile, bine drenate si bogate in materie organica. Fructele sunt excelente pentru consum proaspat, dar si pentru tarte, gemuri, compoturi si conserve.	https://pomifructiferionline.ro/produse/piersic-triumf/	https://pomifructiferionline.ro/images/pomi-fructiferi/piersic/piersic-triumf/piersic-triumf-1.png	in_stock	19.00 RON	new	no
PF-MAR-COL-001	Mar columnar Bolero	Marul columnar Bolero este un soi apreciat pentru forma sa compacta si verticala, potrivita pentru gradini mici, curti, terase si plantari dense. Fructele sunt de marime medie, rotunde si uniforme, cu pielita rosie stralucitoare si aspect atragator. Pulpa este crocanta si suculenta, iar gustul este dulce si echilibrat, cu o nota usor acidulata si aroma placuta. Soiul are maturare semitimpurie, perioada de recoltare fiind in general august-septembrie, in functie de conditiile climatice. Bolero prefera zone insorite si soluri fertile, bine drenate, fara exces de umiditate. Are o adaptabilitate buna la conditii climatice variate si o rezistenta moderata la boli si frig. Fiind autosteril, necesita polenizare incrucisata cu alte soiuri de mar compatibile plantate in apropiere. Datorita portului columnar, ocupa putin spatiu, este usor de intretinut si de recoltat, fiind o alegere foarte buna pentru gradini urbane si livezi compacte. Fructele sunt potrivite pentru consum proaspat, dar si pentru sucuri, tarte, placinte si deserturi.	https://pomifructiferionline.ro/produse/mar-columnar-bolero/	https://pomifructiferionline.ro/images/pomi-columnari/mar/mar-columnar-bolero/mar-columnar-bolero-1.png	in_stock	24.00 RON	new	no
PF-MAR-COL-002	Mar arbotat columnar	Marul arbotat columnar se remarca prin forma sa verticala, asemanatoare unei coloane. Ramurile si crengile cresc predominant in sus, ceea ce ii confera un port compact si permite valorificarea eficienta a spatiului. Datorita acestei forme, pomul este potrivit pentru gradini mici, curti, terase si plantari unde spatiul lateral este limitat. Fructele se formeaza de-a lungul structurii compacte a pomului, iar accesul la acestea este facil. Portul columnar permite plantarea mai densa fata de pomii cu coroana larga si ofera un aspect ordonat si decorativ. Este o alegere practica pentru cei care doresc sa cultive meri intr-un spatiu redus, pastrand totodata avantajele unui pom fructifer de gradina.	https://pomifructiferionline.ro/produse/mar-arbotat-columnar/	https://pomifructiferionline.ro/images/pomi-columnari/mar/mar-arbotat-columnar/mar-arbotat-columnar-1.png	in_stock	24.00 RON	new	no
PF-PAR-COL-001	Par columnar Decora	Parul columnar Decora este un soi de toamna apreciat pentru portul sau ingust, elegant si cresterea verticala, ceea ce il face potrivit pentru spatii restranse si livezi superintensive. La maturitate poate ajunge la aproximativ 2-3 m inaltime, cu o coroana ingusta de aproximativ 50-80 cm. Fructele sunt mari, in general 160-300 g, galben-verzui, uneori cu o roseata discreta pe partea expusa la soare. Pulpa este alb-crem, fina, untoasa, fondanta, foarte suculenta si aromata, iar gustul este dulce, fin si echilibrat. Perioada de recoltare este septembrie-octombrie. Soiul prefera locurile insorite si solurile fertile, profunde si bine drenate. Are rezistenta foarte buna la inghet si un necesar moderat de apa. Pentru productii maxime se recomanda plantarea unui soi polenizator compatibil in apropiere. In anii cu incarcatura mare de fructe este indicata rarirea, lasand aproximativ 1-2 fructe intr-o inflorescenta, pentru a sustine marimea si calitatea recoltei. Datorita portului compact si efectului decorativ, Decora este potrivit pentru gradini moderne, terase, balcoane, ghivece mari si plantari dense.	https://pomifructiferionline.ro/produse/par-columnar-decora/	https://pomifructiferionline.ro/images/pomi-columnari/par/par-columnar-decora/par-columnar-decora-1.png	in_stock	24.00 RON	new	no
PF-PRUN-COL-001	Prun columnar Stanley	Prunul columnar Stanley este un soi apreciat pentru portul sau compact si vertical, fiind potrivit pentru gradini mici, curti, terase, ghivece mari si plantari dense. La maturitate poate ajunge la aproximativ 2-3 m inaltime, cu o coroana ingusta de aproximativ 50-80 cm. Fructele sunt mari, de culoare violet-inchis, acoperite de o pruina albastruie caracteristica. Pulpa este galben-verzuie, ferma, suculenta si se desprinde usor de sambure. Gustul este dulce, intens aromat si echilibrat. Perioada de recoltare este in luna septembrie. Stanley este un soi autofertil, capabil sa fructifice fara un polenizator suplimentar, si este apreciat pentru productiile bogate si constante. Are o rezistenta foarte buna la inghet si prefera locurile insorite si solurile fertile, bine drenate. Datorita formei columnare ocupa putin spatiu si necesita un volum redus de taieri. Fructele sunt excelente pentru consum proaspat, dar si pentru gemuri, dulceturi, compoturi si deshidratare.	https://pomifructiferionline.ro/produse/prun-columnar-stanley/	https://pomifructiferionline.ro/images/pomi-columnari/prun/prun-columnar-stanley/prun-columnar-stanley-1.png	in_stock	24.00 RON	new	no
PF-PRUN-COL-002	Prun columnar Fruca Prunus	Prunul columnar Fruca Prunus este un soi apreciat pentru portul sau compact si cresterea verticala, fiind potrivit pentru gradini mici, curti, terase, ghivece mari si plantari dense. La maturitate poate ajunge la aproximativ 2-3 m inaltime, cu o coroana ingusta de aproximativ 50-80 cm. Fructele sunt mari, de culoare violet-inchis, acoperite de o pruina albastruie caracteristica. Pulpa este galben-aurie, ferma, suculenta si foarte aromata, iar gustul este dulce, fin aromat si echilibrat. Perioada de recoltare este august-septembrie. Fruca Prunus este un soi autofertil, cu productii bogate si constante. Are o rezistenta foarte buna la inghet si prefera locurile insorite si solurile fertile, bine drenate. Datorita formei columnare ocupa putin spatiu, necesita un volum redus de taieri si poate fi plantat la distante mai mici decat soiurile clasice. Fructele sunt potrivite pentru consum proaspat, dar si pentru gemuri, dulceturi, compoturi si deshidratare.	https://pomifructiferionline.ro/produse/prun-columnar-fruca-prunus/	https://pomifructiferionline.ro/images/pomi-columnari/prun/prun-columnar-fruca-prunus/prun-columnar-fruca-prunus-1.png	in_stock	24.00 RON	new	no
PF-PRUN-COL-003	Prun columnar Silvia	Prunul columnar Silvia este un soi apreciat pentru portul sau ingust si elegant, cu crestere verticala, fiind potrivit pentru gradini mici, curti, terase, balcoane, ghivece mari si plantari dense. La maturitate poate ajunge la aproximativ 2-3 m inaltime, cu o coroana ingusta de aproximativ 50-80 cm. Fructele sunt mari, de culoare violet inchis, acoperite de o pruina albastruie caracteristica. Pulpa este galben-aurie, ferma, suculenta si foarte aromata, iar gustul este dulce, fin aromat si echilibrat. Perioada de recoltare este august-septembrie. Silvia este un soi autofertil, cu productii bogate si constante. Are o rezistenta foarte buna la inghet si prefera locurile insorite si solurile fertile, bine drenate. Datorita formei columnare ocupa putin spatiu, necesita un volum redus de taieri si poate fi plantat la distante mai mici decat soiurile clasice. Fructele sunt potrivite pentru consum proaspat, gemuri, dulceturi, compoturi si deshidratare.	https://pomifructiferionline.ro/produse/prun-columnar-silvia/	https://pomifructiferionline.ro/images/pomi-columnari/prun/prun-columnar-silvia/prun-columnar-silvia-1.png	in_stock	24.00 RON	new	no
PF-PRUN-COL-004	Prun columnar Record	Prunul columnar Record este un soi romanesc apreciat pentru portul sau compact si cresterea verticala, fiind potrivit pentru gradini mici, curti, terase, ghivece mari si plantari dense. La maturitate poate ajunge la aproximativ 2-3 m inaltime, cu o coroana ingusta de aproximativ 50-80 cm. Fructele sunt mari, cu o greutate de aproximativ 75-100 g, de culoare albastru-violet inchis si acoperite de o pruina albastruie caracteristica. Pulpa este galben-verzuie, ferma, suculenta si aromata, iar gustul este dulce, fin aromat si echilibrat. Perioada de recoltare este august-septembrie. Record este un soi autofertil, cu productii bogate si constante. Are o rezistenta foarte buna la inghet si prefera locurile insorite si solurile fertile, bine drenate. Datorita formei columnare ocupa putin spatiu, necesita taieri minime si poate fi plantat la distante mai mici decat soiurile clasice. Fructele sunt potrivite pentru consum proaspat, dar si pentru gemuri, dulceturi, compoturi si deshidratare.	https://pomifructiferionline.ro/produse/prun-columnar-record/	https://pomifructiferionline.ro/images/pomi-columnari/prun/prun-columnar-record/prun-columnar-record-1.png	in_stock	24.00 RON	new	no
PF-PRUN-COL-005	Prun columnar Imperial	Prunul columnar Imperial este un soi apreciat pentru portul sau ingust si elegant, cu crestere verticala, fiind potrivit pentru gradini mici, curti, terase, balcoane, ghivece mari si plantari dense. La maturitate poate ajunge la aproximativ 2-3 m inaltime, cu o coroana ingusta de aproximativ 50-80 cm. Fructele sunt mari, de culoare violet-inchis, acoperite de o pruina albastruie caracteristica. Pulpa este galben-aurie, ferma, suculenta si foarte aromata, iar gustul este dulce, fin aromat si echilibrat. Perioada de recoltare este august-septembrie. Imperial este un soi autofertil, cu productii bogate si constante. Are o rezistenta foarte buna la inghet si prefera locurile insorite si solurile fertile, bine drenate. Datorita formei columnare ocupa putin spatiu, necesita un volum redus de taieri si poate fi plantat la distante mai mici decat soiurile clasice. Fructele sunt potrivite pentru consum proaspat, dar si pentru gemuri, dulceturi, compoturi si deshidratare.	https://pomifructiferionline.ro/produse/prun-columnar-imperial/	https://pomifructiferionline.ro/images/pomi-columnari/prun/prun-columnar-imperial/prun-columnar-imperial-1.png	in_stock	24.00 RON	new	no
PF-PRUN-COL-006	Prun columnar Red Lure	Prunul columnar Red Lure este un soi apreciat pentru portul sau compact si elegant, cu crestere verticala, fiind potrivit pentru gradini mici, curti, terase, balcoane, ghivece mari si plantari dense. La maturitate poate ajunge la aproximativ 2-3 m inaltime, cu o coroana ingusta de aproximativ 50-80 cm. Fructele sunt mari, de culoare rosu-visiniu intens, cu aspect foarte atractiv. Pulpa este galben-rosiatica, ferma, suculenta si foarte aromata, iar gustul este dulce, fin aromat si echilibrat. Perioada de recoltare este august-septembrie. Red Lure este un soi autofertil, cu productii bogate si constante. Are o rezistenta foarte buna la inghet si prefera locurile insorite si solurile fertile, bine drenate. Datorita formei columnare ocupa putin spatiu, necesita un volum redus de taieri si poate fi plantat la distante mai mici decat soiurile clasice. Fructele sunt potrivite pentru consum proaspat, dar si pentru gemuri, dulceturi, compoturi si deserturi.	https://pomifructiferionline.ro/produse/prun-columnar-red-lure/	https://pomifructiferionline.ro/images/pomi-columnari/prun/prun-columnar-red-lure/prun-columnar-red-lure-1.png	in_stock	24.00 RON	new	no
PF-PRUN-COL-007	Prun columnar Prunus	Prunul columnar Prunus este un soi apreciat pentru portul sau compact si cresterea verticala, fiind potrivit pentru gradini mici, curti, terase, balcoane, ghivece mari si plantari dense. La maturitate poate ajunge la aproximativ 2-3 m inaltime, cu o coroana ingusta de aproximativ 50-80 cm. Fructele sunt mari, de culoare violet-inchis, acoperite de o pruina albastruie caracteristica. Pulpa este galben-aurie, ferma, suculenta si foarte aromata, iar gustul este dulce, fin aromat si echilibrat. Perioada de recoltare este august-septembrie. Prunus este un soi autofertil, cu productii bogate si constante. Are o rezistenta foarte buna la inghet si prefera locurile insorite si solurile fertile, bine drenate. Datorita formei columnare ocupa putin spatiu, necesita un volum redus de taieri si poate fi plantat la distante mai mici decat soiurile clasice. Fructele sunt potrivite pentru consum proaspat, dar si pentru gemuri, dulceturi, compoturi si deserturi.	https://pomifructiferionline.ro/produse/prun-columnar-prunus/	https://pomifructiferionline.ro/images/pomi-columnari/prun/prun-columnar-prunus/prun-columnar-prunus-1.png	in_stock	24.00 RON	new	no
PF-VISIN-COL-001	Visin columnar Crisana	Visinul columnar Crisana este un soi apreciat pentru portul sau ingust si elegant, cu crestere verticala, fiind potrivit pentru gradini mici, curti, terase, balcoane, ghivece mari si plantari dense. La maturitate poate ajunge la aproximativ 2-3 m inaltime, cu o coroana ingusta de aproximativ 50-80 cm. Fructele sunt mari, de culoare visiniu-inchis si cu aspect lucios. Pulpa este rosu intens, ferma, foarte suculenta si aromata, iar gustul este dulce-acrisor, echilibrat si intens aromat. Perioada de recoltare este din luna iunie pana la inceputul lunii iulie. Crisana este un soi autofertil, cu productii bogate si constante. Are o rezistenta foarte buna la inghet si prefera locurile insorite si solurile fertile, bine drenate. Datorita formei columnare ocupa putin spatiu, necesita un volum redus de taieri si poate fi plantat la distante mai mici decat soiurile clasice. Fructele sunt potrivite pentru consum proaspat, dar si pentru gemuri, compoturi, sucuri si deserturi.	https://pomifructiferionline.ro/produse/visin-columnar-crisana/	https://pomifructiferionline.ro/images/pomi-columnari/visin/visin-columnar-crisana/visin-columnar-crisana-1.png	in_stock	24.00 RON	new	no
PF-VISIN-COL-002	Visin columnar Ariana	Visinul columnar Ariana este un soi apreciat pentru portul sau compact si cresterea verticala, fiind potrivit pentru gradini mici, curti, terase, balcoane, ghivece mari si plantari dense. La maturitate poate ajunge la aproximativ 2-3 m inaltime, cu o coroana ingusta de aproximativ 50-80 cm. Fructele sunt de dimensiune medie spre mare, de culoare rosu-inchis spre visiniu la maturitate si au un aspect atractiv. Pulpa este rosie, ferma, foarte suculenta si aromata, iar gustul este dulce-acrisor, intens aromat si echilibrat. Perioada de recoltare este iunie-iulie. Ariana este un soi autofertil, cu productii bogate si constante. Are o rezistenta foarte buna la inghet si prefera locurile insorite si solurile fertile, bine drenate. Datorita formei columnare ocupa putin spatiu, necesita un volum redus de taieri si poate fi plantat la distante mai mici decat soiurile clasice. Fructele sunt potrivite pentru consum proaspat, dar si pentru sucuri, gemuri, compoturi si deserturi.	https://pomifructiferionline.ro/produse/visin-columnar-ariana/	https://pomifructiferionline.ro/images/pomi-columnari/visin/visin-columnar-ariana/visin-columnar-ariana-1.png	in_stock	24.00 RON	new	no
PF-VISIN-COL-003	Visin columnar Rubina	Visinul columnar Rubina este un soi apreciat pentru portul sau compact si cresterea verticala, fiind potrivit pentru gradini mici, curti, terase, balcoane, ghivece mari si plantari dense. La maturitate poate ajunge la aproximativ 2-3 m inaltime, cu o coroana ingusta de aproximativ 50-80 cm. Fructele sunt mari, de culoare visiniu-inchis si cu aspect lucios si atractiv. Pulpa este rosu intens, ferma, foarte suculenta si aromata, iar gustul este dulce-acrisor, intens aromat si echilibrat. Perioada de recoltare este iunie-iulie. Rubina este un soi autofertil, cu productii bogate si constante. Are o rezistenta foarte buna la inghet si prefera locurile insorite si solurile fertile, bine drenate. Datorita formei columnare ocupa putin spatiu, necesita un volum redus de taieri si poate fi plantat la distante mai mici decat soiurile clasice. Fructele sunt potrivite pentru consum proaspat, dar si pentru gemuri, compoturi, sucuri si deserturi.	https://pomifructiferionline.ro/produse/visin-columnar-rubina/	https://pomifructiferionline.ro/images/pomi-columnari/visin/visin-columnar-rubina/visin-columnar-rubina-1.png	in_stock	24.00 RON	new	no
PF-VISIN-COL-004	Visin columnar Nana	Visinul columnar Nana este un soi apreciat pentru portul sau compact si cresterea verticala, fiind potrivit pentru gradini mici, curti, terase, balcoane, ghivece mari si plantari dense. La maturitate poate ajunge la aproximativ 2-3 m inaltime, cu o coroana ingusta de aproximativ 50-80 cm. Fructele sunt de dimensiune medie, de culoare rosu-inchis spre visiniu la maturitate. Pulpa este rosie, ferma, foarte suculenta si aromata, iar gustul este dulce-acrisor, echilibrat si intens aromat. Perioada de recoltare este iunie-iulie. Nana este un soi autofertil, cu productii bogate si constante. Are o rezistenta foarte buna la inghet si prefera locurile insorite si solurile fertile, bine drenate. Datorita formei columnare ocupa putin spatiu, necesita un volum redus de taieri si poate fi plantat la distante mai mici decat soiurile clasice. Fructele sunt potrivite pentru consum proaspat, dar si pentru gemuri, dulceturi, compoturi si sucuri.	https://pomifructiferionline.ro/produse/visin-columnar-nana/	https://pomifructiferionline.ro/images/pomi-columnari/visin/visin-columnar-nana/visin-columnar-nana-1.png	in_stock	24.00 RON	new	no
PF-CIRES-COL-001	Cires columnar Silva	Ciresul columnar Silva este un soi apreciat pentru portul sau ingust si elegant, cu crestere verticala, fiind potrivit pentru gradini mici, curti, terase, balcoane, ghivece mari si plantari dense. La maturitate poate ajunge la aproximativ 2-3 m inaltime, cu o coroana ingusta de aproximativ 50-80 cm. Fructele sunt mari, de culoare rosu-inchis si cu aspect lucios si atractiv. Pulpa este ferma, carnoasa si foarte suculenta, iar gustul este dulce, intens aromat si echilibrat. Perioada de recoltare este in luna iunie. Pentru productii maxime se recomanda plantarea unui soi polenizator compatibil in apropiere. Ciresul Silva are o rezistenta foarte buna la inghet si prefera locurile insorite si solurile fertile, bine drenate. Datorita formei columnare ocupa putin spatiu, necesita un volum redus de taieri si poate fi plantat la distante mai mici decat soiurile clasice. Fructele sunt potrivite pentru consum proaspat, dar si pentru gemuri, compoturi, sucuri si deserturi.	https://pomifructiferionline.ro/produse/cires-columnar-silva/	https://pomifructiferionline.ro/images/pomi-columnari/cires/cires-columnar-silva/cires-columnar-silva-1.png	in_stock	24.00 RON	new	no
PF-CIRES-COL-002	Cires columnar Victoria	Ciresul columnar Victoria este un soi apreciat pentru portul sau ingust si elegant, cu crestere verticala, fiind potrivit pentru gradini mici, curti, terase, balcoane, ghivece mari si plantari dense. La maturitate poate ajunge la aproximativ 2-3 m inaltime, cu o coroana ingusta de aproximativ 50-80 cm. Fructele sunt mari, de culoare rosu-inchis si cu aspect lucios si atractiv. Pulpa este ferma, carnoasa si foarte suculenta, iar gustul este dulce, intens aromat si echilibrat. Perioada de recoltare este in luna iunie. Pentru productii maxime se recomanda plantarea unui soi polenizator compatibil in apropiere. Ciresul Victoria are o rezistenta foarte buna la inghet si prefera locurile insorite si solurile fertile, bine drenate. Datorita formei columnare ocupa putin spatiu, necesita un volum redus de taieri si poate fi plantat la distante mai mici decat soiurile clasice. Fructele sunt potrivite pentru consum proaspat, dar si pentru gemuri, compoturi, sucuri si deserturi.	https://pomifructiferionline.ro/produse/cires-columnar-victoria/	https://pomifructiferionline.ro/images/pomi-columnari/cires/cires-columnar-victoria/cires-columnar-victoria-1.png	in_stock	24.00 RON	new	no
PF-CIRES-COL-003	Cires columnar Rita	Ciresul columnar Rita este un soi timpuriu apreciat pentru portul sau compact si cresterea verticala, fiind potrivit pentru gradini mici, curti, terase, balcoane, ghivece mari si plantari dense. La maturitate poate ajunge la aproximativ 2-3 m inaltime, cu o coroana ingusta de aproximativ 50-80 cm. Fructele sunt mari, de culoare rosu-inchis, cu aspect lucios si atractiv. Pulpa este ferma, carnoasa si foarte suculenta, iar gustul este dulce, intens aromat si echilibrat. Perioada de recoltare este timpurie, de la sfarsitul lunii mai pana la inceputul lunii iunie. Pentru productii maxime se recomanda plantarea unui soi polenizator compatibil in apropiere. Ciresul Rita are o rezistenta foarte buna la inghet si prefera locurile insorite si solurile fertile, bine drenate. Datorita formei columnare ocupa putin spatiu, necesita un volum redus de taieri si poate fi plantat la distante mai mici decat soiurile clasice. Fructele sunt excelente pentru consum proaspat, dar si pentru gemuri, compoturi, sucuri si deserturi.	https://pomifructiferionline.ro/produse/cires-columnar-rita/	https://pomifructiferionline.ro/images/pomi-columnari/cires/cires-columnar-rita/cires-columnar-rita-1.png	in_stock	24.00 RON	new	no
PF-CIRES-COL-004	Cires columnar Carmen	Ciresul columnar Carmen este un soi apreciat pentru portul sau compact si cresterea verticala, fiind potrivit pentru gradini mici, curti, terase, balcoane, ghivece mari si plantari dense. La maturitate poate ajunge la aproximativ 2-3 m inaltime, cu o coroana ingusta de aproximativ 50-80 cm. Fructele sunt mari, de culoare rosu-inchis spre visiniu la maturitate, cu aspect lucios si atractiv. Pulpa este ferma, carnoasa si foarte suculenta, iar gustul este dulce, intens aromat si echilibrat. Perioada de recoltare este in luna iunie. Pentru productii maxime se recomanda plantarea unui soi polenizator compatibil in apropiere. Ciresul Carmen are o rezistenta foarte buna la inghet si prefera locurile insorite si solurile fertile, bine drenate. Datorita formei columnare ocupa putin spatiu, necesita un volum redus de taieri si poate fi plantat la distante mai mici decat soiurile clasice. Fructele sunt potrivite pentru consum proaspat, dar si pentru gemuri, compoturi, sucuri si deserturi.	https://pomifructiferionline.ro/produse/cires-columnar-carmen/	https://pomifructiferionline.ro/images/pomi-columnari/cires/cires-columnar-carmen/cires-columnar-carmen-1.png	in_stock	24.00 RON	new	no
PF-CIRES-COL-005	Cires columnar Royale	Ciresul columnar Royale este un soi premium apreciat pentru portul sau compact si elegant, cu crestere verticala, fiind potrivit pentru gradini mici, curti, terase, balcoane, ghivece mari si plantari dense. La maturitate poate ajunge la aproximativ 2-3 m inaltime, cu o coroana ingusta de aproximativ 50-80 cm. Fructele sunt mari, de culoare rosu-inchis spre visiniu, cu aspect lucios si foarte atractiv. Pulpa este ferma, carnoasa, foarte suculenta si aromata, iar gustul este dulce, intens aromat si echilibrat. Perioada de recoltare este in luna iunie. Pentru productii maxime se recomanda plantarea unui soi polenizator compatibil in apropiere. Ciresul Royale are o rezistenta foarte buna la inghet si prefera locurile insorite si solurile fertile, bine drenate. Datorita formei columnare ocupa putin spatiu, necesita un volum redus de taieri si poate fi plantat la distante mai mici decat soiurile clasice. Fructele sunt excelente pentru consum proaspat, dar si pentru gemuri, compoturi, sucuri si deserturi.	https://pomifructiferionline.ro/produse/cires-columnar-royale/	https://pomifructiferionline.ro/images/pomi-columnari/cires/cires-columnar-royale/cires-columnar-royale-1.png	in_stock	24.00 RON	new	no
PF-CAIS-COL-001	Cais columnar Uriasa de Cegled	Caisul columnar Uriasa de Cegled este un soi apreciat pentru portul sau ingust si elegant, cu crestere verticala, fiind potrivit pentru gradini mici, curti, terase, balcoane, ghivece mari si plantari dense. La maturitate poate ajunge la aproximativ 2-3 m inaltime, cu o coroana ingusta de aproximativ 50-80 cm. Fructele sunt foarte mari, de aproximativ 60-80 g, de culoare portocaliu intens, cu roseata atractiva pe partea expusa la soare. Pulpa este portocalie, ferma, suculenta si foarte aromata, iar gustul este dulce, intens aromat si echilibrat. Perioada de recoltare este iunie-iulie. Uriasa de Cegled este un soi autofertil, cu productii bogate si constante. Are o rezistenta foarte buna la inghet si prefera locurile insorite si solurile fertile, bine drenate. Datorita formei columnare ocupa putin spatiu, necesita un volum redus de taieri si poate fi plantat la distante mai mici decat soiurile clasice. Fructele sunt excelente pentru consum proaspat, dar si pentru gemuri, compoturi, sucuri si deserturi.	https://pomifructiferionline.ro/produse/cais-columnar-uriasa-de-cegled/	https://pomifructiferionline.ro/images/pomi-columnari/cais/cais-columnar-uriasa-de-cegled/cais-columnar-uriasa-de-cegled-1.png	in_stock	24.00 RON	new	no
PF-CAIS-COL-002	Cais columnar Asian Pearl	Caisul columnar Asian Pearl este un soi apreciat pentru portul sau compact si cresterea verticala, fiind potrivit pentru gradini mici, curti, terase, balcoane, ghivece mari si plantari dense. La maturitate poate ajunge la aproximativ 2-3 m inaltime, cu o coroana ingusta de aproximativ 50-80 cm. Fructele sunt mari, de culoare portocaliu-auriu, cu roseata intensa pe partea expusa la soare. Pulpa este portocalie, ferma, suculenta si foarte aromata, iar gustul este dulce, fin aromat si echilibrat. Perioada de recoltare este iunie-iulie. Asian Pearl este un soi autofertil, cu productii bogate si constante. Are o rezistenta foarte buna la inghet si prefera locurile insorite si solurile fertile, bine drenate. Datorita formei columnare ocupa putin spatiu, necesita un volum redus de taieri si poate fi plantat la distante mai mici decat soiurile clasice. Fructele sunt excelente pentru consum proaspat, dar si pentru gemuri, compoturi, sucuri si deserturi.	https://pomifructiferionline.ro/produse/cais-columnar-asian-pearl/	https://pomifructiferionline.ro/images/pomi-columnari/cais/cais-columnar-asian-pearl/cais-columnar-asian-pearl-1.png	in_stock	24.00 RON	new	no
PF-CAIS-COL-003	Cais columnar Aurolla	Caisul columnar Aurolla este un soi apreciat pentru portul sau compact si cresterea verticala, fiind potrivit pentru gradini mici, curti, terase, balcoane, ghivece mari si plantari in spatii restranse. La maturitate poate ajunge la aproximativ 2-3 m inaltime, cu o coroana ingusta de aproximativ 50-80 cm. Fructele sunt de dimensiune medie, cu forma rotunda sau usor ovala si culoare galben-portocalie, cu nuante aurii atractive. Pulpa este fina, suculenta si aromata, iar gustul este dulce si echilibrat. Aurolla este un soi semitimpuriu, cu maturare in perioada iulie-august, in functie de conditiile climatice. Soiul prezinta o adaptabilitate buna la diferite conditii climatice si o rezistenta buna la frig. Este autosteril, astfel ca pentru o productie buna se recomanda plantarea in apropiere a unui soi de cais compatibil pentru polenizare. Preferă locurile insorite si solurile fertile, bine drenate. Forma columnara permite folosirea eficienta a spatiului si simplifica lucrarile de intretinere si recoltare. Fructele sunt excelente pentru consum proaspat, dar si pentru gemuri, prajituri, compoturi si deserturi.	https://pomifructiferionline.ro/produse/cais-columnar-aurolla/	https://pomifructiferionline.ro/images/pomi-columnari/cais/cais-columnar-aurolla/cais-columnar-aurolla-1.png	in_stock	24.00 RON	new	no
PF-CAIS-COL-004	Cais columnar Pannonia	Caisul columnar Pannonia este un soi apreciat pentru portul sau compact si cresterea verticala, fiind potrivit pentru gradini mici, curti, terase, balcoane, ghivece mari si plantari in spatii restranse. La maturitate poate ajunge la aproximativ 2-3 m inaltime, cu o coroana ingusta de aproximativ 50-80 cm. Fructele sunt de dimensiune medie spre mare, cu forma rotunda sau usor ovala si culoare galben-portocalie, cu nuante roz sau rosii pe partea expusa la soare. Pulpa este fina, suculenta si aromata, iar gustul este dulce si echilibrat. Perioada de recoltare este iulie-august, in functie de conditiile climatice. Pannonia prezinta o adaptabilitate buna la diferite conditii climatice si o rezistenta buna la frig. Soiul este autosteril, astfel ca pentru o productie buna se recomanda plantarea in apropiere a unui soi de cais compatibil pentru polenizare incrucisata. Preferă locurile insorite si solurile fertile, bine drenate. Datorita formei columnare ocupa putin spatiu, este usor de intretinut si poate fi plantat la distante mai mici decat soiurile clasice. Fructele sunt excelente pentru consum proaspat, dar si pentru gemuri, compoturi, placinte si alte deserturi.	https://pomifructiferionline.ro/produse/cais-columnar-pannonia/	https://pomifructiferionline.ro/images/pomi-columnari/cais/cais-columnar-pannonia/cais-columnar-pannonia-1.png	in_stock	24.00 RON	new	no
PF-NECT-COL-001	Nectarin columnar Morsiani	Nectarinul columnar Morsiani este un soi apreciat pentru portul sau ingust si elegant, cu crestere verticala, fiind potrivit pentru gradini mici, curti, terase, balcoane, ghivece mari si plantari in spatii restranse. La maturitate poate ajunge la aproximativ 2-3 m inaltime, cu o coroana ingusta de aproximativ 50-80 cm. Fructele sunt mari, de culoare rosu intens, cu fond galben-portocaliu si aspect foarte atractiv. Pulpa este galben-aurie, ferma, foarte suculenta si aromata, iar gustul este dulce, intens aromat, cu o usoara aciditate placuta. Perioada de recoltare este in luna august. Morsiani este un soi autofertil, cu productii bogate si constante. Are o rezistenta foarte buna la inghet si prefera locurile insorite si solurile fertile, bine drenate. Datorita formei columnare ocupa putin spatiu, necesita un volum redus de taieri si poate fi plantat la distante mai mici decat soiurile clasice. Fructele sunt excelente pentru consum proaspat, dar si pentru gemuri, compoturi, prajituri, sucuri si deserturi.	https://pomifructiferionline.ro/produse/nectarin-columnar-morsiani/	https://pomifructiferionline.ro/images/pomi-columnari/nectarin/nectarin-columnar-morsiani/nectarin-columnar-morsiani-1.png	in_stock	24.00 RON	new	no
PF-NECT-COL-002	Nectarin columnar Saturn	Nectarinul columnar Saturn este un soi apreciat pentru portul sau compact si cresterea verticala, fiind potrivit pentru gradini mici, curti, terase, balcoane, ghivece mari si plantari in spatii restranse. La maturitate poate ajunge la aproximativ 2-3 m inaltime, cu o coroana ingusta de aproximativ 50-80 cm. Fructele sunt medii spre mari si au forma turtita, specifica fructelor de tip donut, ceea ce le confera un aspect deosebit si foarte atractiv. Culoarea de baza este crem-galbuie, acoperita in mare parte de un rosu intens. Pulpa este alb-crem, ferma, foarte suculenta si fina, iar gustul este foarte dulce, intens aromat si cu aciditate redusa. Perioada de recoltare este iulie-august. Saturn este un soi autofertil, cu productii bogate si constante. Are o rezistenta foarte buna la inghet si prefera locurile insorite si solurile fertile, bine drenate. Datorita formei columnare ocupa putin spatiu, necesita un volum redus de taieri si poate fi plantat la distante mai mici decat soiurile clasice. Fructele sunt excelente pentru consum proaspat, deserturi, salate de fructe, gemuri si compoturi.	https://pomifructiferionline.ro/produse/nectarin-columnar-saturn/	https://pomifructiferionline.ro/images/pomi-columnari/nectarin/nectarin-columnar-saturn/nectarin-columnar-saturn-1.png	in_stock	24.00 RON	new	no
PF-NECT-COL-003	Nectarin columnar Tina	Nectarinul columnar Tina este un soi apreciat pentru portul sau compact si cresterea verticala, fiind potrivit pentru gradini mici, curti, terase, balcoane, ghivece mari si plantari in spatii restranse. La maturitate poate ajunge la aproximativ 2-3 m inaltime, cu o coroana ingusta de aproximativ 50-80 cm. Fructele sunt mari, de culoare rosu intens pe fond galben-portocaliu si au un aspect foarte atractiv. Pulpa este galben-aurie, ferma, foarte suculenta si aromata, iar gustul este dulce, intens aromat, cu o usoara aciditate fina. Perioada de recoltare este iulie-august. Tina este un soi autofertil, cu productii bogate si constante. Are o rezistenta foarte buna la inghet si prefera locurile insorite si solurile fertile, bine drenate. Datorita formei columnare ocupa putin spatiu, necesita un volum redus de taieri si poate fi plantat la distante mai mici decat soiurile clasice. Fructele sunt excelente pentru consum proaspat, dar si pentru gemuri, compoturi, prajituri, sucuri si deserturi.	https://pomifructiferionline.ro/produse/nectarin-columnar-tina/	https://pomifructiferionline.ro/images/pomi-columnari/nectarin/nectarin-columnar-tina/nectarin-columnar-tina-1.png	in_stock	24.00 RON	new	no
PF-NECT-COL-004	Nectarin columnar Cora	Nectarinul columnar Cora este un soi apreciat pentru portul sau compact si cresterea verticala, fiind potrivit pentru gradini mici, curti, terase, balcoane, ghivece mari si plantari in spatii restranse. La maturitate poate ajunge la aproximativ 2-3 m inaltime, cu o coroana ingusta de aproximativ 50-80 cm. Fructele sunt mari, de culoare rosu intens pe fond galben-auriu si au un aspect foarte atractiv. Pulpa este galbena, ferma, foarte suculenta si aromata, iar gustul este dulce, intens aromat, cu o usoara aciditate placuta. Perioada de recoltare este iulie-august. Cora este un soi autofertil, cu productii bogate si constante. Are o rezistenta foarte buna la inghet si prefera locurile insorite si solurile fertile, bine drenate. Datorita formei columnare ocupa putin spatiu, necesita un volum redus de taieri si poate fi plantat la distante mai mici decat soiurile clasice. Fructele sunt excelente pentru consum proaspat, dar si pentru gemuri, compoturi, prajituri, sucuri si deserturi.	https://pomifructiferionline.ro/produse/nectarin-columnar-cora/	https://pomifructiferionline.ro/images/pomi-columnari/nectarin/nectarin-columnar-cora/nectarin-columnar-cora-1.png	in_stock	24.00 RON	new	no
PF-NECT-COL-005	Nectarin columnar Fire Earth	Nectarinul columnar Fire Earth este un soi apreciat pentru portul sau compact si cresterea verticala, fiind potrivit pentru gradini mici, curti, terase, balcoane, ghivece mari si plantari in spatii restranse. La maturitate poate ajunge la aproximativ 2-3 m inaltime, cu o coroana ingusta de aproximativ 50-80 cm. Fructele sunt mari, intens colorate in rosu, cu nuante bordo pe aproape intreaga suprafata si au un aspect foarte atractiv. Pulpa este galben-aurie, ferma, foarte suculenta si aromata, iar gustul este dulce, intens aromat, cu o usoara aciditate placuta. Perioada de recoltare este iulie-august. Fire Earth este un soi autofertil, cu productii bogate si constante. Are o rezistenta foarte buna la inghet si prefera locurile insorite si solurile fertile, bine drenate. Datorita formei columnare ocupa putin spatiu, necesita un volum redus de taieri si poate fi plantat la distante mai mici decat soiurile clasice. Fructele sunt excelente pentru consum proaspat, dar si pentru gemuri, compoturi, prajituri, sucuri si deserturi.	https://pomifructiferionline.ro/produse/nectarin-columnar-fire-earth/	https://pomifructiferionline.ro/images/pomi-columnari/nectarin/nectarin-columnar-fire-earth/nectarin-columnar-fire-earth-1.png	in_stock	24.00 RON	new	no
PF-NECT-COL-006	Nectarin columnar Fantasia	Nectarinul columnar Fantasia este un soi apreciat pentru portul sau compact si cresterea verticala, fiind potrivit pentru gradini mici, curti, terase, balcoane, ghivece mari si plantari in spatii restranse. La maturitate poate ajunge la aproximativ 2-3 m inaltime, cu o coroana ingusta de aproximativ 50-80 cm. Fructele sunt mari, de culoare rosu intens pe fond galben-auriu si au un aspect foarte atractiv. Pulpa este galben-aurie, ferma, foarte suculenta si aromata, iar gustul este dulce, intens aromat, cu o usoara aciditate placuta. Perioada de recoltare este in luna august. Fantasia este un soi autofertil, cu productii bogate si constante. Are o rezistenta foarte buna la inghet si prefera locurile insorite si solurile fertile, bine drenate. Datorita formei columnare ocupa putin spatiu, necesita un volum redus de taieri si poate fi plantat la distante mai mici decat soiurile clasice. Fructele sunt excelente pentru consum proaspat, dar si pentru gemuri, compoturi, prajituri, sucuri si deserturi.	https://pomifructiferionline.ro/produse/nectarin-columnar-fantasia/	https://pomifructiferionline.ro/images/pomi-columnari/nectarin/nectarin-columnar-fantasia/nectarin-columnar-fantasia-1.png	in_stock	24.00 RON	new	no
PF-MAR-COL-002	Mar columnar Renet de Canada	Marul columnar Renet de Canada pastreaza calitatile apreciatului soi Renet de Canada intr-o forma de crestere compacta si verticala, potrivita pentru gradini mici, curti, terase, balcoane, ghivece mari si plantari in spatii restranse. La maturitate poate ajunge la aproximativ 2-3 m inaltime, cu o coroana ingusta de aproximativ 50-80 cm. Fructele sunt mari pana la foarte mari, initial verde-galbui, devenind galben-aurii la maturitate si pot prezenta rugozitatea caracteristica soiului. Pulpa este alb-crem, ferma, fina si foarte suculenta, iar gustul este dulce-acrisor, intens aromat si bine echilibrat. Perioada de recoltare este in luna octombrie, iar fructele pot fi consumate si pastrate in conditii corespunzatoare din noiembrie pana in martie. Pentru productii maxime se recomanda plantarea unui soi polenizator compatibil in apropiere. Marul Renet de Canada prefera locurile insorite si solurile fertile, profunde si bine drenate. Datorita portului columnar ocupa putin spatiu si poate fi plantat la distante mai mici decat soiurile clasice. Fructele sunt excelente pentru consum proaspat, dar si pentru placinte, prajituri, sucuri si alte preparate culinare.	https://pomifructiferionline.ro/produse/mar-columnar-renet-de-canada/	https://pomifructiferionline.ro/images/pomi-columnari/mar/mar-columnar-renet-de-canada/mar-columnar-renet-de-canada-1.png	in_stock	24.00 RON	new	no
PF-MAR-COL-003	Mar columnar Blue Moon	Marul columnar Blue Moon este un soi apreciat pentru portul sau compact si cresterea verticala, fiind potrivit pentru gradini mici, curti, terase, balcoane, ghivece mari si plantari in spatii restranse. La maturitate poate ajunge la aproximativ 2-3 m inaltime, cu o coroana ingusta de aproximativ 50-80 cm. Fructele sunt mari, de culoare rosu-visiniu intens, cu reflexe violacee si un strat fin de pruina, avand un aspect deosebit si foarte atractiv. Pulpa este alb-crem, ferma, crocanta si foarte suculenta, iar gustul este dulce, usor acidulat, intens aromat si bine echilibrat. Perioada de recoltare este septembrie-octombrie, iar perioada de consum se poate extinde din octombrie pana in februarie in conditii corespunzatoare de pastrare. Pentru productii maxime se recomanda plantarea unui soi polenizator compatibil in apropiere. Blue Moon are o rezistenta foarte buna la inghet si prefera locurile insorite si solurile fertile, profunde si bine drenate. Datorita formei columnare ocupa putin spatiu, necesita un volum redus de taieri si poate fi plantat la distante mai mici decat soiurile clasice. Fructele sunt excelente pentru consum proaspat, dar si pentru sucuri, deserturi si alte preparate culinare.	https://pomifructiferionline.ro/produse/mar-columnar-blue-moon/	https://pomifructiferionline.ro/images/pomi-columnari/mar/mar-columnar-blue-moon/mar-columnar-blue-moon-1.png	in_stock	24.00 RON	new	no
PF-MAR-COL-004	Mar columnar FloraSelf Red River	Marul columnar FloraSelf Red River este un soi apreciat pentru portul sau compact, cresterea verticala si aspectul ornamental deosebit, fiind potrivit pentru gradini mici, curti, terase, balcoane, ghivece mari si plantari in spatii restranse. La maturitate poate ajunge la aproximativ 2-3 m inaltime, cu o coroana ingusta de aproximativ 50-80 cm. Fructele sunt mari, de culoare rosu intens si lucios, cu un aspect foarte atractiv. Pulpa este alb-crem, ferma, crocanta si foarte suculenta, iar gustul este dulce, usor acidulat, intens aromat si bine echilibrat. Perioada de recoltare este septembrie-octombrie, iar perioada de consum se poate extinde din octombrie pana in februarie in conditii corespunzatoare de pastrare. Pentru productii maxime se recomanda plantarea unui soi polenizator compatibil in apropiere. FloraSelf Red River are o rezistenta foarte buna la inghet si prefera locurile insorite si solurile fertile, profunde si bine drenate. Datorita formei columnare ocupa putin spatiu, necesita un volum redus de taieri si poate fi plantat la distante mai mici decat soiurile clasice. Fructele sunt excelente pentru consum proaspat, dar si pentru sucuri, prajituri, deserturi si alte preparate culinare.	https://pomifructiferionline.ro/produse/mar-columnar-floraself-red-river/	https://pomifructiferionline.ro/images/pomi-columnari/mar/mar-columnar-floraself-red-river/mar-columnar-floraself-red-river-1.png	in_stock	24.00 RON	new	no
PF-MAR-COL-005	Mar columnar Golden Spur	Marul columnar Golden Spur este un soi apreciat pentru portul sau compact si cresterea verticala, fiind potrivit pentru gradini mici, curti, terase, balcoane, ghivece mari si plantari in spatii restranse. Derivat din cunoscutul Golden Delicious, soiul pastreaza gustul dulce si aroma fina intr-o forma de crestere compacta. La maturitate poate ajunge la aproximativ 2-3 m inaltime, cu o coroana ingusta de aproximativ 50-80 cm. Fructele sunt mari, de culoare galben-auriu la maturitate, cu aspect atractiv. Pulpa este alb-crem, ferma, crocanta si foarte suculenta, iar gustul este dulce, fin aromat, cu aciditate redusa. Perioada de recoltare este septembrie-octombrie, iar perioada de consum se poate extinde din octombrie pana in martie in conditii corespunzatoare de pastrare. Pentru productii maxime se recomanda plantarea unui soi polenizator compatibil in apropiere. Golden Spur are o rezistenta foarte buna la inghet si prefera locurile insorite si solurile fertile, profunde si bine drenate. Datorita formei columnare ocupa putin spatiu, necesita un volum redus de taieri si poate fi plantat la distante mai mici decat soiurile clasice. Fructele sunt excelente pentru consum proaspat, dar si pentru sucuri, prajituri, deserturi si alte preparate culinare.	https://pomifructiferionline.ro/produse/mar-columnar-golden-spur/	https://pomifructiferionline.ro/images/pomi-columnari/mar/mar-columnar-golden-spur/mar-columnar-golden-spur-1.png	in_stock	24.00 RON	new	no
PF-MAR-COL-006	Mar columnar Polka	Marul columnar Polka este un soi apreciat pentru portul sau ingust si cresterea verticala, fiind potrivit pentru gradini mici, curti, terase, balcoane, ghivece mari si plantari in spatii restranse. La maturitate poate ajunge la aproximativ 2-3 m inaltime, cu o coroana ingusta de aproximativ 50-80 cm. Fructele sunt mari, de culoare rosu intens pe fond galben-verzui si au un aspect foarte atractiv. Pulpa este alb-crem, ferma, crocanta si foarte suculenta, iar gustul este dulce, usor acidulat, intens aromat si bine echilibrat. Perioada de recoltare este septembrie-octombrie, iar perioada de consum se poate extinde din octombrie pana in februarie in conditii corespunzatoare de pastrare. Pentru productii maxime se recomanda plantarea unui soi polenizator compatibil in apropiere. Polka are o rezistenta foarte buna la inghet si prefera locurile insorite si solurile fertile, profunde si bine drenate. Datorita formei columnare ocupa putin spatiu, necesita un volum redus de taieri si poate fi plantat la distante mai mici decat soiurile clasice. Fructele sunt excelente pentru consum proaspat, dar si pentru sucuri, prajituri, deserturi si alte preparate culinare.	https://pomifructiferionline.ro/produse/mar-columnar-polka/	https://pomifructiferionline.ro/images/pomi-columnari/mar/mar-columnar-polka/mar-columnar-polka-1.png	in_stock	24.00 RON	new	no
PF-PAR-COL-001	Par columnar Safira	Parul columnar Safira este un soi apreciat pentru portul sau compact si elegant, precum si pentru cresterea verticala, fiind potrivit pentru gradini mici, curti, terase, balcoane, ghivece mari si plantari in spatii restranse. La maturitate poate ajunge la aproximativ 2-3 m inaltime, cu o coroana ingusta de aproximativ 50-80 cm. Fructele sunt mari, de culoare galben-verzui, cu usoara rumeneala rosiatica pe partea expusa la soare. Pulpa este alb-crem, fina, untoasa, foarte suculenta si aromata, iar gustul este dulce, fin aromat si bine echilibrat. Perioada de recoltare este septembrie-octombrie. Pentru productii maxime se recomanda plantarea unui soi polenizator compatibil in apropiere. Safira are o rezistenta foarte buna la inghet si prefera locurile insorite si solurile fertile, profunde si bine drenate. Datorita formei columnare ocupa putin spatiu, necesita un volum redus de taieri si poate fi plantat la distante mai mici decat soiurile clasice. Fructele sunt excelente pentru consum proaspat, dar si pentru compoturi, sucuri, deserturi si alte preparate culinare.	https://pomifructiferionline.ro/produse/par-columnar-safira/	https://pomifructiferionline.ro/images/pomi-columnari/par/par-columnar-safira/par-columnar-safira-1.png	in_stock	24.00 RON	new	no
PF-PAR-COL-002	Par columnar Pergamut Bergamot	Parul columnar Pergamut Bergamot este un soi apreciat pentru portul sau compact si cresterea verticala, fiind potrivit pentru gradini mici, curti, terase, balcoane, ghivece mari si plantari in spatii restranse. La maturitate poate ajunge la aproximativ 2-3 m inaltime, cu o coroana ingusta de aproximativ 50-80 cm. Fructele sunt medii spre mari, de culoare galben-verzui, cu usoara rumeneala pe partea expusa la soare. Pulpa este alb-crem, fina, untoasa, foarte suculenta si aromata, iar gustul este dulce, fin aromat, cu parfum specific soiurilor Bergamot. Perioada de recoltare este in luna septembrie. Pentru productii maxime se recomanda plantarea unui soi polenizator compatibil in apropiere. Pergamut Bergamot are o rezistenta foarte buna la inghet si prefera locurile insorite si solurile fertile, profunde si bine drenate. Datorita formei columnare ocupa putin spatiu, necesita un volum redus de taieri si poate fi plantat la distante mai mici decat soiurile clasice. Fructele sunt excelente pentru consum proaspat, dar si pentru compoturi, sucuri, deserturi si alte preparate culinare.	https://pomifructiferionline.ro/produse/par-columnar-pergamut-bergamot/	https://pomifructiferionline.ro/images/pomi-columnari/par/par-columnar-pergamut-bergamot/par-columnar-pergamut-bergamot-1.png	in_stock	24.00 RON	new	no
PF-PAR-COL-003	Par columnar Sweet Dreams	Parul columnar Sweet Dreams este un soi apreciat pentru portul sau compact si cresterea verticala, fiind potrivit pentru gradini mici, curti, terase, balcoane, ghivece mari si plantari in spatii restranse. La maturitate poate ajunge la aproximativ 2-3 m inaltime, cu o coroana ingusta de aproximativ 50-80 cm. Fructele sunt mari, de culoare galben-auriu, uneori cu o usoara rumeneala rosiatica pe partea expusa la soare. Pulpa este alb-crem, fina, untoasa, foarte suculenta si aromata, iar gustul este dulce, intens aromat si bine echilibrat. Perioada de recoltare este septembrie-octombrie. Sweet Dreams este un soi autofertil, capabil sa fructifice si singur, iar prezenta unui alt soi de par cu inflorire compatibila poate contribui la obtinerea unor productii mai bune. Are o rezistenta foarte buna la inghet si prefera locurile insorite si solurile fertile, profunde si bine drenate. Datorita formei columnare ocupa putin spatiu, necesita un volum redus de taieri si poate fi plantat la distante mai mici decat soiurile clasice. Fructele sunt excelente pentru consum proaspat, dar si pentru compoturi, sucuri, deserturi si alte preparate culinare.	https://pomifructiferionline.ro/produse/par-columnar-sweet-dreams/	https://pomifructiferionline.ro/images/pomi-columnari/par/par-columnar-sweet-dreams/par-columnar-sweet-dreams-1.png	in_stock	24.00 RON	new	no
PF-PAR-COL-004	Par columnar Starkrimson	Parul columnar Starkrimson este un soi apreciat pentru portul sau ingust si elegant, precum si pentru cresterea verticala, fiind potrivit pentru gradini mici, curti, terase, balcoane, ghivece mari si plantari in spatii restranse. La maturitate poate ajunge la aproximativ 2-3 m inaltime, cu o coroana ingusta de aproximativ 50-80 cm. Fructele sunt mari, de culoare rosu intens-bordo la maturitate si au un aspect ornamental deosebit. Pulpa este alb-crem, fina, untoasa, foarte suculenta si aromata, iar gustul este dulce, intens aromat, cu parfum specific. Perioada de recoltare este august-septembrie. Pentru productii maxime se recomanda plantarea unui soi polenizator compatibil in apropiere. Starkrimson are o rezistenta foarte buna la inghet si prefera locurile insorite si solurile fertile, profunde si bine drenate. Datorita formei columnare ocupa putin spatiu, necesita un volum redus de taieri si poate fi plantat la distante mai mici decat soiurile clasice. Fructele sunt excelente pentru consum proaspat, dar si pentru compoturi, sucuri, deserturi si alte preparate culinare.	https://pomifructiferionline.ro/produse/par-columnar-starkrimson/	https://pomifructiferionline.ro/images/pomi-columnari/par/par-columnar-starkrimson/par-columnar-starkrimson-1.png	in_stock	24.00 RON	new	no
PF-CIRES-COL-006	Cires columnar Queen Mary	Ciresul columnar Queen Mary este un soi premium apreciat pentru portul sau ingust si elegant si pentru cresterea verticala, fiind potrivit pentru gradini mici, curti, terase, balcoane, ghivece mari si plantari in spatii restranse. La maturitate poate ajunge la aproximativ 2-3 m inaltime, cu o coroana ingusta de aproximativ 50-80 cm. Fructele sunt foarte mari, de culoare rosu-inchis spre visiniu, cu aspect lucios si foarte atractiv. Pulpa este ferma, carnoasa, foarte suculenta si aromata, iar gustul este dulce, intens aromat si bine echilibrat. Perioada de recoltare este in luna iunie. Pentru productii maxime se recomanda plantarea unui soi polenizator compatibil in apropiere. Queen Mary are o rezistenta foarte buna la inghet si prefera locurile insorite si solurile fertile, bine drenate. Datorita formei columnare ocupa putin spatiu, necesita un volum redus de taieri si poate fi plantat la distante mai mici decat soiurile clasice. Fructele sunt excelente pentru consum proaspat, dar si pentru gemuri, compoturi, sucuri, prajituri si deserturi.	https://pomifructiferionline.ro/produse/cires-queen-mary/	https://pomifructiferionline.ro/images/pomi-columnari/cires/cires-queen-mary/cires-queen-mary-1.png	in_stock	24.00 RON	new	no
VV-MASA-001	Butasi vita de vie Moon Drops	Vita de vie Moon Drops este un soi premium de masa apreciat pentru aspectul spectaculos al boabelor si calitatea excelenta a fructelor. Boabele sunt foarte mari, lungi si cilindrice, de culoare violet-negru intens, acoperite cu un strat fin de pruina. Soiul este apiren, fara samburi, iar pulpa este ferma, crocanta si foarte suculenta. Gustul este foarte dulce, fin aromat si placut, ceea ce face ca Moon Drops sa fie unul dintre cele mai atractive soiuri pentru consum in stare proaspata. Ciorchinii sunt mari, conici si bine aerisiti, iar productivitatea poate fi ridicata in conditii bune de cultivare. Perioada de recoltare este in luna septembrie. Planta prefera locurile insorite si solurile fertile, bine drenate. Este autofertila si prezinta o rezistenta buna la inghet. La maturitate, vita poate ajunge la aproximativ 2-4 m, in functie de sistemul de sustinere si de modul de conducere. Se recomanda cultivarea pe spalieri, pergole sau alte sisteme de sustinere. Moon Drops este potrivit in special pentru consum proaspat, fiind apreciat pentru aspectul comercial deosebit, lipsa samburilor si textura crocanta.	https://pomifructiferionline.ro/produse/butasi-vita-de-vie-moon-drops/	https://pomifructiferionline.ro/images/vita-de-vie/soiuri-de-masa/moon-drops/moon-drops-1.png	in_stock	12.00 RON	new	no
VV-MASA-002	Butasi vita de vie Lamborghini	Vita de vie Lamborghini este un soi premium pentru struguri de masa, apreciat pentru ciorchinii mari, aspectul comercial deosebit si productivitatea ridicata. Boabele sunt mari, alungite, de culoare galben-verzuie pana la galben-aurie la maturitate, cu pulpa ferma, crocanta si suculenta. Gustul este dulce, placut si fin aromat. Ciorchinii sunt mari si bine formati, ceea ce face soiul potrivit atat pentru consumul familial, cat si pentru comercializare. Perioada de recoltare este in lunile august-septembrie. Planta prefera locurile insorite si solurile fertile, bine drenate. Este autofertila si prezinta o rezistenta buna la inghet. La maturitate poate ajunge la aproximativ 2-4 m, in functie de sistemul de sustinere si modul de conducere. Se recomanda cultivarea pe spalieri, pergole sau alte sisteme de sustinere. Fructele sunt excelente pentru consum in stare proaspata, platouri de fructe si deserturi.	https://pomifructiferionline.ro/produse/butasi-vita-de-vie-lamborghini/	https://pomifructiferionline.ro/images/vita-de-vie/soiuri-de-masa/lamborghini/lamborghini-1.png	in_stock	12.00 RON	new	no
VV-MASA-003	Butasi vita de vie Victoria	Vita de vie Victoria este unul dintre cele mai apreciate soiuri de masa, recunoscut pentru ciorchinii mari, boabele aspectuoase si perioada timpurie de coacere. Boabele sunt foarte mari, ovale, de culoare galben-verzuie, devenind galben-aurii la maturitate. Pulpa este carnoasa, crocanta si suculenta, iar gustul este dulce, echilibrat si placut aromat. Soiul se remarca prin productivitate ridicata si recolte constante, fiind potrivit atat pentru gradinile familiale, cat si pentru plantatiile comerciale. Perioada de recoltare este in lunile iulie-august. Planta prefera locurile insorite si solurile fertile, bine drenate. Prezinta o rezistenta buna la inghet si se adapteaza bine conditiilor climatice din Romania. La maturitate poate ajunge la aproximativ 2-4 m, in functie de sistemul de sustinere si modul de conducere. Se recomanda cultivarea pe spalieri, pergole sau alte sisteme de sustinere. Fructele sunt ideale pentru consum in stare proaspata, platouri de fructe si deserturi.	https://pomifructiferionline.ro/produse/butasi-vita-de-vie-victoria/	https://pomifructiferionline.ro/images/vita-de-vie/soiuri-de-masa/victoria/victoria-1.png	in_stock	12.00 RON	new	no
VV-MASA-004	Butasi vita de vie Red Globe	Vita de vie Red Globe este unul dintre cele mai apreciate soiuri de masa la nivel international, cunoscut pentru ciorchinii foarte mari si boabele de dimensiuni impresionante. Boabele sunt foarte mari, rotunde, de culoare rosu-rubiniu, cu pulpa carnoasa, ferma si foarte suculenta. Gustul este dulce, echilibrat si placut aromat. Soiul se remarca prin productivitate ridicata, recolte constante si aspect comercial excelent, fiind potrivit atat pentru gradinile familiale, cat si pentru plantatiile comerciale. Perioada de recoltare este in lunile septembrie-octombrie. Planta prefera locurile insorite si solurile fertile, bine drenate. Prezinta o rezistenta buna la inghet si se dezvolta optim atunci cand este cultivata pe spalieri, pergole sau alte sisteme de sustinere. La maturitate poate ajunge la aproximativ 2-4 m, in functie de modul de conducere. Fructele sunt ideale pentru consum in stare proaspata, platouri de fructe si comercializare.	https://pomifructiferionline.ro/produse/butasi-vita-de-vie-red-globe/	https://pomifructiferionline.ro/images/vita-de-vie/soiuri-de-masa/red-globe/red-globe-1.png	in_stock	12.00 RON	new	no
VV-MASA-005	Butasi vita de vie Suvenir	Vita de vie Suvenir este un soi de masa apreciat pentru aspectul spectaculos al ciorchinilor, boabele alungite si gustul placut. Boabele sunt mari, ovale-alungite, de culoare negru-violaceu, uneori cu nuante rosiatice, si sunt acoperite cu un strat fin de pruina. Pulpa este carnoasa, suculenta si placuta la consum, iar gustul este dulce, echilibrat si fin aromat. Ciorchinii sunt mari si aspectuosi, iar soiul se remarca prin productivitate ridicata si recolte constante. Perioada de recoltare este in luna septembrie. Planta prefera locurile insorite si solurile fertile, bine drenate. Prezinta o rezistenta buna la inghet si o adaptare buna la conditiile climatice din Romania. La maturitate poate ajunge la aproximativ 2-4 m, in functie de sistemul de sustinere si de modul de conducere. Se recomanda cultivarea pe spalieri, pergole sau alte sisteme de sustinere. Strugurii sunt ideali pentru consum in stare proaspata, platouri de fructe si comercializare.	https://pomifructiferionline.ro/produse/butasi-vita-de-vie-suvenir/	https://pomifructiferionline.ro/images/vita-de-vie/soiuri-de-masa/suvenir/suvenir-1.png	in_stock	12.00 RON	new	no
VV-MASA-006	Butasi vita de vie Afuz Ali	Vita de vie Afuz Ali este un soi de masa renumit pentru ciorchinii foarte mari, boabele impresionante si aspectul comercial deosebit. Boabele sunt foarte mari, alungite, de culoare galben-verzuie, devenind galben-aurii la maturitate. Pulpa este carnoasa, ferma, crocanta si suculenta, iar gustul este dulce, fin aromat si echilibrat. Soiul se remarca prin productivitate ridicata si recolte constante, fiind potrivit atat pentru gradinile familiale, cat si pentru plantatiile comerciale. Perioada de recoltare este in luna septembrie. Planta prefera locurile insorite si solurile fertile, bine drenate. Prezinta o rezistenta buna la inghet si se dezvolta optim atunci cand este condusa pe spalieri, pergole sau alte sisteme de sustinere. La maturitate poate ajunge la aproximativ 2-4 m, in functie de sistemul de conducere. Fructele sunt ideale pentru consum in stare proaspata, platouri de fructe si comercializare, avand si o buna transportabilitate.	https://pomifructiferionline.ro/produse/butasi-vita-de-vie-afuz-ali/	https://pomifructiferionline.ro/images/vita-de-vie/soiuri-de-masa/afuz-ali/afuz-ali-1.png	in_stock	12.00 RON	new	no
VV-MASA-007	Butasi vita de vie Cardinal	Vita de vie Cardinal este unul dintre cele mai cunoscute soiuri de masa, apreciat pentru maturarea timpurie, ciorchinii mari si boabele spectaculoase. Boabele sunt foarte mari, rotunde, de culoare rosu-violaceu, cu pulpa carnoasa, crocanta si suculenta. Gustul este dulce, fin aromat si echilibrat. Soiul se remarca prin productivitate ridicata si recolte constante, fiind potrivit atat pentru gradinile familiale, cat si pentru plantatiile comerciale. Perioada de recoltare este in lunile iulie-august, ceea ce il incadreaza in categoria soiurilor timpurii. Planta prefera locurile insorite si solurile fertile, bine drenate. Prezinta o rezistenta buna la inghet si se dezvolta optim pe spalieri, pergole sau alte sisteme de sustinere. La maturitate poate ajunge la aproximativ 2-4 m, in functie de modul de conducere. Fructele sunt ideale pentru consum in stare proaspata, platouri de fructe si comercializare.	https://pomifructiferionline.ro/produse/butasi-vita-de-vie-cardinal/	https://pomifructiferionline.ro/images/vita-de-vie/soiuri-de-masa/cardinal/cardinal-1.png	in_stock	12.00 RON	new	no
VV-MASA-008	Butasi vita de vie Crimson Seedless	Vita de vie Crimson Seedless este un soi de masa apiren, fara seminte, recunoscut la nivel mondial pentru ciorchinii mari, boabele crocante si culoarea rosu-rubinie intensa. Boabele sunt mari, alungite, uniforme si atragatoare, cu pulpa ferma, crocanta si suculenta. Gustul este dulce, echilibrat si placut aromat. Soiul se remarca prin productivitate ridicata, buna capacitate de pastrare dupa recoltare si rezistenta buna la transport, fiind potrivit atat pentru gradinile familiale, cat si pentru plantatiile comerciale. Perioada de recoltare este in lunile septembrie-octombrie. Planta prefera locurile insorite si solurile fertile, bine drenate. Prezinta o rezistenta buna la inghet si se dezvolta optim atunci cand este condusa pe spalieri, pergole sau alte sisteme de sustinere. La maturitate poate ajunge la aproximativ 2-4 m, in functie de modul de conducere. Fructele sunt ideale pentru consum in stare proaspata, platouri de fructe, deserturi si comercializare.	https://pomifructiferionline.ro/produse/butasi-vita-de-vie-crimson-seedless/	https://pomifructiferionline.ro/images/vita-de-vie/soiuri-de-masa/crimson-seedless/crimson-seedless-1.png	in_stock	12.00 RON	new	no
VV-MASA-009	Butasi vita de vie Muscat de Hamburg	Vita de vie Muscat de Hamburg este unul dintre cele mai cunoscute si apreciate soiuri de masa, renumit pentru aroma intensa de muscat si aspectul atractiv al strugurilor. Ciorchinii sunt mari si bine formati, iar boabele sunt mari, rotunde, de culoare negru-violaceu, acoperite cu un strat fin de pruina. Pulpa este carnoasa, suculenta si placuta la consum, iar gustul este dulce, intens aromat si parfumat. Soiul se remarca prin productivitate ridicata si recolte constante, fiind potrivit atat pentru gradinile familiale, cat si pentru plantatiile comerciale. Perioada de recoltare este in lunile august-septembrie. Planta prefera locurile insorite si solurile fertile, bine drenate. Prezinta o rezistenta buna la inghet si se dezvolta optim atunci cand este cultivata pe spalieri, pergole sau alte sisteme de sustinere. La maturitate poate ajunge la aproximativ 2-4 m, in functie de sistemul de conducere. Strugurii sunt excelenti pentru consum in stare proaspata, platouri de fructe si deserturi.	https://pomifructiferionline.ro/produse/butasi-vita-de-vie-muscat-de-hamburg/	https://pomifructiferionline.ro/images/vita-de-vie/soiuri-de-masa/muscat-de-hamburg/muscat-de-hamburg-1.png	in_stock	12.00 RON	new	no
VV-MASA-010	Butasi vita de vie Belgrad Seedless	Vita de vie Belgrad Seedless este un soi de masa apiren, fara seminte, apreciat pentru ciorchinii mari, boabele crocante si gustul placut. Boabele sunt mari, de culoare galben-verzuie, devenind galben-aurii la maturitate, cu pulpa ferma, crocanta si suculenta. Gustul este dulce, echilibrat si aromat. Soiul se remarca prin productivitate ridicata, recolte constante si adaptare foarte buna la conditiile climatice din Romania. Perioada de recoltare este in lunile august-septembrie. Planta prefera locurile insorite si solurile fertile, bine drenate. Prezinta o rezistenta foarte buna la inghet si se dezvolta optim atunci cand este cultivata pe spalieri, pergole sau alte sisteme de sustinere. La maturitate poate ajunge la aproximativ 2-4 m, in functie de sistemul de conducere. Fructele sunt ideale pentru consum in stare proaspata, platouri de fructe, deserturi si comercializare.	https://pomifructiferionline.ro/produse/butasi-vita-de-vie-belgrad-seedless/	/images/vita-de-vie/soiuri-de-masa/belgrad-seedless/belgrad-seedless-1.png	in_stock	12.00 RON	new	no
VV-MASA-011	Butasi vita de vie Coarna Neagra	Vita de vie Coarna Neagra este un soi traditional de masa, foarte apreciat in Romania pentru ciorchinii mari, boabele alungite si gustul placut. Boabele sunt mari, de culoare negru-violaceu, cu pulpa carnoasa, suculenta si aromata. Gustul este dulce, echilibrat si placut, fiind potrivit in special pentru consum in stare proaspata. Soiul se remarca prin vigoare buna, productivitate ridicata si recolte constante. Perioada de recoltare este in luna septembrie. Planta prefera locurile insorite si solurile fertile, bine drenate. Prezinta o rezistenta foarte buna la inghet si o adaptare excelenta la conditiile climatice din Romania. Se dezvolta optim pe spalieri, pergole sau alte sisteme de sustinere, iar la maturitate poate ajunge la aproximativ 2-4 m, in functie de sistemul de conducere.	https://pomifructiferionline.ro/produse/butasi-vita-de-vie-coarna-neagra/	https://pomifructiferionline.ro/images/vita-de-vie/soiuri-de-masa/coarna-neagra/coarna-neagra-1.png	in_stock	12.00 RON	new	no
VV-MASA-012	Butasi vita de vie Moldova	Vita de vie Moldova este un soi de masa viguros si foarte productiv, apreciat pentru ciorchinii mari si bine formati si pentru boabele mari, ovale, de culoare violet inchis pana la negru-albastrui. Pulpa este carnoasa, crocanta si suculenta, iar gustul este dulce, echilibrat si usor aromat. Soiul se remarca prin rezistenta ridicata la boli, rezistenta foarte buna la temperaturi scazute si capacitatea excelenta de pastrare dupa recoltare. Perioada de coacere este in lunile septembrie-octombrie. Planta prefera locurile insorite si solurile fertile, bine drenate. Se dezvolta foarte bine pe spalieri, pergole sau alte sisteme de sustinere si poate ajunge la aproximativ 2-4 m la maturitate, in functie de sistemul de conducere. Este potrivit atat pentru gradinile familiale, cat si pentru plantatiile comerciale si este apreciat pentru transportabilitatea buna si recoltele constante.	https://pomifructiferionline.ro/produse/butasi-vita-de-vie-moldova/	https://pomifructiferionline.ro/images/vita-de-vie/soiuri-de-masa/moldova/moldova-1.png	in_stock	12.00 RON	new	no
VV-MASA-013	Butasi vita de vie Kismis Roz	Vita de vie Kismis Roz este un soi de masa apiren, fara seminte, apreciat pentru ciorchinii mari si aspectuosi si pentru boabele mari, alungite, de culoare roz pana la roz-rosiatic la maturitate. Pulpa este ferma, crocanta si suculenta, iar gustul este dulce, fin si aromat. Soiul se remarca prin productivitate ridicata si recolte constante, fiind potrivit atat pentru gradinile familiale, cat si pentru plantatiile comerciale. Perioada de coacere este in lunile august-septembrie. Planta prefera locurile insorite si solurile fertile, bine drenate. Prezinta o rezistenta buna la inghet si se adapteaza bine conditiilor climatice din Romania. Se dezvolta optim pe spalieri, pergole sau alte sisteme de sustinere si poate ajunge la aproximativ 2-4 m la maturitate, in functie de sistemul de conducere. Fructele sunt ideale pentru consum in stare proaspata, platouri de fructe, deserturi si comercializare.	https://pomifructiferionline.ro/produse/butasi-vita-de-vie-kismis-roz/	https://pomifructiferionline.ro/images/vita-de-vie/soiuri-de-masa/kismis-roz/kismis-roz-1.png	in_stock	12.00 RON	new	no
VV-MASA-014	Butasi vita de vie Kismis Galben	Vita de vie Kismis Galben este un soi de masa apiren, fara seminte, apreciat pentru ciorchinii mari si aspectuosi si pentru boabele mari, alungite, de culoare galben-verzuie, cu nuante aurii la maturitate. Pulpa este ferma, crocanta si suculenta, iar gustul este dulce, fin si aromat. Soiul se remarca prin productivitate ridicata si recolte constante, fiind potrivit atat pentru gradinile familiale, cat si pentru plantatiile comerciale. Perioada de coacere este in lunile august-septembrie. Planta prefera locurile insorite si solurile fertile, bine drenate. Prezinta o rezistenta buna la inghet si se adapteaza bine conditiilor climatice din Romania. Se dezvolta optim pe spalieri, pergole sau alte sisteme de sustinere si poate ajunge la aproximativ 2-4 m la maturitate, in functie de sistemul de conducere. Strugurii sunt ideali pentru consum in stare proaspata, platouri de fructe, deserturi si comercializare.	https://pomifructiferionline.ro/produse/butasi-vita-de-vie-kismis-galben/	https://pomifructiferionline.ro/images/vita-de-vie/soiuri-de-masa/kismis-galben/kismis-galben-1.png	in_stock	12.00 RON	new	no
VV-MASA-015	Butasi vita de vie Arcadia	Vita de vie Arcadia este un soi de masa timpuriu, apreciat pentru ciorchinii foarte mari si aspectuosi si pentru boabele foarte mari, ovale, de culoare galben-verzuie, cu reflexe aurii la maturitate. Pulpa este carnoasa, crocanta si suculenta, iar gustul este dulce, fin aromat si echilibrat. Soiul se remarca prin productivitate ridicata, recolte constante si rezistenta buna la boli si temperaturi scazute. Perioada de coacere este in luna august, ceea ce permite obtinerea unei recolte timpurii. Planta prefera locurile insorite si solurile fertile, bine drenate. Se dezvolta optim pe spalieri, pergole sau alte sisteme de sustinere si poate ajunge la aproximativ 2-4 m la maturitate, in functie de sistemul de conducere. Este potrivit atat pentru gradinile familiale, cat si pentru plantatiile comerciale, datorita aspectului comercial excelent si adaptabilitatii bune la conditiile climatice din Romania.	https://pomifructiferionline.ro/produse/butasi-vita-de-vie-arcadia/	https://pomifructiferionline.ro/images/vita-de-vie/soiuri-de-masa/arcadia/arcadia-1.png	in_stock	12.00 RON	new	no
VV-MASA-016	Butasi vita de vie Regina Viilor	Vita de vie Regina Viilor este un soi de masa viguros si productiv, apreciat pentru ciorchinii mari si aspectuosi si pentru boabele mari, ovale, de culoare galben-verzuie, cu nuante aurii la maturitate. Pulpa este carnoasa si suculenta, iar gustul este dulce, fin aromat si echilibrat. Soiul se remarca prin productivitate ridicata si recolte constante, fiind potrivit atat pentru gradinile familiale, cat si pentru plantatiile comerciale. Perioada de coacere este in lunile august-septembrie. Planta prefera locurile insorite si solurile fertile, bine drenate. Prezinta o rezistenta foarte buna la inghet si o adaptare excelenta la conditiile climatice din Romania. Se dezvolta optim pe spalieri, pergole sau alte sisteme de sustinere si poate ajunge la aproximativ 2-4 m la maturitate, in functie de sistemul de conducere. Strugurii sunt potriviti in special pentru consum in stare proaspata si se remarca prin aspectul comercial placut si calitatea buna a boabelor.	https://pomifructiferionline.ro/produse/butasi-vita-de-vie-regina-viilor/	https://pomifructiferionline.ro/images/vita-de-vie/soiuri-de-masa/regina-viilor/regina-viilor-1.png	in_stock	12.00 RON	new	no
VV-MASA-017	Butasi vita de vie Jupiter Canadice	Vita de vie Jupiter Canadice este un soi de masa apiren, fara seminte, apreciat pentru ciorchinii aspectuosi si pentru boabele mari, carnoase si crocante, de culoare rosu-roz pana la rosu-violaceu la maturitate. Gustul este dulce, aromat si echilibrat. Soiul se remarca prin vigoare buna, productivitate ridicata si recolte constante. Perioada de coacere este in lunile august-septembrie. Planta prefera locurile insorite si solurile fertile, bine drenate. Prezinta o rezistenta foarte buna la inghet si se adapteaza bine conditiilor climatice din Romania. Se dezvolta optim pe spalieri, pergole sau alte sisteme de sustinere si poate ajunge la aproximativ 2-4 m la maturitate, in functie de sistemul de conducere. Fiind un soi fara seminte, este ideal pentru consum in stare proaspata si foarte apreciat datorita texturii crocante si a aromei placute.	https://pomifructiferionline.ro/produse/butasi-vita-de-vie-jupiter-canadice/	https://pomifructiferionline.ro/images/vita-de-vie/soiuri-de-masa/jupiter-canadice/jupiter-canadice-1.png	in_stock	12.00 RON	new	no
VV-MASA-018	Butasi vita de vie Italia	Vita de vie Italia este unul dintre cele mai cunoscute soiuri de masa, apreciat pentru ciorchinii mari si aspectuosi si pentru boabele foarte mari, ovale, de culoare galben-verzuie, cu nuante aurii la maturitate. Pulpa este carnoasa, crocanta si suculenta, iar gustul este dulce, fin aromat, cu note specifice de muscat. Soiul se remarca prin productivitate ridicata, recolte constante si aspect comercial excelent. Perioada de coacere este in lunile septembrie-octombrie. Planta prefera locurile insorite si solurile fertile, bine drenate. Prezinta o rezistenta buna la inghet si se dezvolta optim pe spalieri, pergole sau alte sisteme de sustinere. La maturitate poate ajunge la aproximativ 2-4 m, in functie de sistemul de conducere. Strugurii sunt potriviti in special pentru consum in stare proaspata si sunt apreciati pentru boabele mari, aroma placuta si rezistenta buna la transport.	https://pomifructiferionline.ro/produse/butasi-vita-de-vie-italia/	https://pomifructiferionline.ro/images/vita-de-vie/soiuri-de-masa/italia/italia-1.png	in_stock	12.00 RON	new	no
VV-MASA-019	Butasi vita de vie Maxi White	Vita de vie Maxi White este un soi de masa apreciat pentru ciorchinii foarte mari, compacti si aspectuosi si pentru boabele foarte mari, de culoare verde-galbuie pana la galben-auriu la maturitate. Pulpa este carnoasa, crocanta si suculenta, iar gustul este dulce, fin aromat si echilibrat. Soiul se remarca prin productivitate ridicata, fructificare constanta si aspect comercial premium. Perioada de recoltare este in lunile august-septembrie. Planta prefera locurile insorite si solurile fertile, bine drenate. Prezinta o rezistenta buna la inghet si suporta bine transportul si manipularea. Se dezvolta optim pe spalieri, pergole sau alte sisteme de sustinere si poate ajunge la aproximativ 2-4 m la maturitate, in functie de sistemul de conducere. Este potrivit atat pentru gradinile familiale, cat si pentru plantatiile comerciale destinate consumului in stare proaspata.	https://pomifructiferionline.ro/produse/butasi-vita-de-vie-maxi-white/	https://pomifructiferionline.ro/images/vita-de-vie/soiuri-de-masa/maxi-white/maxi-white-1.png	in_stock	12.00 RON	new	no
VV-MASA-020	Butasi vita de vie Maxi Black	Vita de vie Maxi Black este un soi de masa apreciat pentru ciorchinii foarte mari, compacti si aspectuosi si pentru boabele foarte mari, alungite, de culoare albastru-negru pana la violet inchis, acoperite cu pruina abundenta. Pulpa este carnoasa, densa si crocanta, iar gustul este foarte dulce si fin aromat. Soiul se remarca prin productivitate ridicata, fructificare constanta si aspect comercial premium. Perioada de recoltare este in lunile august-septembrie. Planta prefera locurile insorite si solurile fertile, bine drenate. Prezinta o rezistenta buna la inghet si suporta bine transportul si manipularea. Se dezvolta optim pe spalieri, pergole sau alte sisteme de sustinere si poate ajunge la aproximativ 2-4 m la maturitate, in functie de sistemul de conducere. Este potrivit atat pentru gradinile familiale, cat si pentru plantatiile comerciale destinate consumului in stare proaspata.	https://pomifructiferionline.ro/produse/butasi-vita-de-vie-maxi-black/	https://pomifructiferionline.ro/images/vita-de-vie/soiuri-de-masa/maxi-black/maxi-black-1.png	in_stock	12.00 RON	new	no
VV-MASA-021	Butasi vita de vie Tata Caprei	Vita de vie Tata Caprei este un soi traditional de masa, apreciat pentru ciorchinii mari si aspectuosi si pentru boabele mari, ovale, de culoare negru-violaceu. Pulpa este carnoasa si suculenta, iar gustul este dulce, echilibrat si placut aromat. Soiul se remarca prin vigoare buna, productivitate ridicata si recolte constante. Perioada de coacere este in luna septembrie. Planta prefera locurile insorite si solurile fertile, bine drenate. Prezinta o rezistenta foarte buna la inghet si o adaptare excelenta la conditiile climatice din Romania. Se dezvolta optim pe spalieri, pergole sau alte sisteme de sustinere si poate ajunge la aproximativ 2-4 m la maturitate, in functie de sistemul de conducere. Este potrivit atat pentru gradinile familiale, cat si pentru plantatiile destinate consumului in stare proaspata.	https://pomifructiferionline.ro/produse/butasi-vita-de-vie-tata-caprei/	https://pomifructiferionline.ro/images/vita-de-vie/soiuri-de-masa/tata-caprei/tata-caprei-1.png	in_stock	12.00 RON	new	no
VV-MASA-022	Butasi vita de vie Sultanina	Vita de vie Sultanina este unul dintre cele mai cunoscute soiuri de masa apirene, fara seminte, apreciat pentru ciorchinii mari si aspectuosi si pentru boabele alungite, de culoare galben-verzuie, cu reflexe aurii la maturitate. Pulpa este suculenta si placuta, iar gustul este dulce, fin si aromat. Soiul se remarca prin productivitate buna si adaptabilitate, fiind potrivit pentru gradini familiale si plantatii comerciale. Perioada de coacere este in lunile august-septembrie. Planta prefera locurile insorite si solurile fertile, bine drenate. Prezinta o rezistenta buna la inghet si se dezvolta optim pe spalieri, pergole sau alte sisteme de sustinere. La maturitate poate ajunge la aproximativ 2-4 m, in functie de sistemul de conducere. Fiind un soi fara seminte si cu un continut ridicat de zaharuri, strugurii sunt ideali atat pentru consum in stare proaspata, cat si pentru prepararea stafidelor si a deserturilor.	https://pomifructiferionline.ro/produse/butasi-vita-de-vie-sultanina/	https://pomifructiferionline.ro/images/vita-de-vie/soiuri-de-masa/sultanina/sultanina-1.png	in_stock	12.00 RON	new	no
VV-MASA-023	Butasi vita de vie Nero	Vita de vie Nero este un soi de masa timpuriu, apreciat pentru ciorchinii mari si aspectuosi si pentru boabele mari, ovale, de culoare negru-albastrui. Pulpa este carnoasa si suculenta, iar gustul este dulce, fin aromat si echilibrat. Soiul se remarca prin vigoare ridicata, productivitate buna si recolte constante. Perioada de coacere este in luna august, ceea ce permite obtinerea unei recolte timpurii. Planta prefera locurile insorite si solurile fertile, bine drenate. Prezinta o rezistenta foarte buna la inghet si o adaptare excelenta la conditiile climatice din Romania. Se dezvolta optim pe spalieri, pergole sau alte sisteme de sustinere si poate ajunge la aproximativ 2-4 m la maturitate, in functie de sistemul de conducere. Este potrivit atat pentru gradinile familiale, cat si pentru plantatiile comerciale destinate consumului in stare proaspata.	https://pomifructiferionline.ro/produse/butasi-vita-de-vie-nero/	https://pomifructiferionline.ro/images/vita-de-vie/soiuri-de-masa/nero/nero-1.png	in_stock	12.00 RON	new	no
VV-MASA-024	Butasi vita de vie Dinka	Vita de vie Dinka este un soi de masa apreciat pentru ciorchinii mari, cilindro-conici si bine aerisiti si pentru boabele mari, de culoare rosu-visiniu pana la violet-rosiatic la maturitate. Pulpa este crocanta, carnoasa si suculenta, iar gustul este foarte dulce si fin aromat. Soiul se remarca prin vigoare buna, productivitate ridicata si fructificare constanta. Perioada de recoltare este in lunile august-septembrie. Planta prefera locurile insorite si solurile fertile, bine drenate. Prezinta o rezistenta buna la inghet si suporta bine transportul si pastrarea. Se dezvolta optim pe spalieri, pergole sau alte sisteme de sustinere si poate ajunge la aproximativ 2-4 m la maturitate, in functie de sistemul de conducere. Este potrivit atat pentru gradinile familiale, cat si pentru plantatiile comerciale destinate consumului in stare proaspata.	https://pomifructiferionline.ro/produse/butasi-vita-de-vie-dinka/	https://pomifructiferionline.ro/images/vita-de-vie/soiuri-de-masa/dinka/dinka-1.png	in_stock	12.00 RON	new	no
VV-MASA-025	Butasi vita de vie Chasselas Dore	Vita de vie Chasselas Dore este un soi clasic de masa, apreciat pentru ciorchinii eleganti si aspectuosi si pentru boabele medii, rotunde si suculente, de culoare galben-verzuie, cu reflexe aurii la maturitate. Gustul este dulce, fin si echilibrat. Soiul se remarca prin maturare timpurie, productivitate buna si recolte constante. Perioada de coacere este in luna august. Planta prefera locurile insorite si solurile fertile, bine drenate. Prezinta o rezistenta buna la inghet si o adaptabilitate foarte buna. Se dezvolta optim pe spalieri, pergole sau alte sisteme de sustinere si poate ajunge la aproximativ 2-4 m la maturitate, in functie de sistemul de conducere. Este potrivit atat pentru gradinile familiale, cat si pentru plantatiile comerciale destinate consumului in stare proaspata.	https://pomifructiferionline.ro/produse/butasi-vita-de-vie-chasselas-dore/	https://pomifructiferionline.ro/images/vita-de-vie/soiuri-de-masa/chasselas-dore/chasselas-dore-1.png	in_stock	12.00 RON	new	no
VV-MASA-026	Butasi vita de vie Muscat de Poloskei	Vita de vie Muscat de Poloskei este un soi de masa apreciat pentru ciorchinii mari si aspectuosi si pentru boabele mari, ovale, carnoase si suculente, de culoare galben-verzuie, cu reflexe aurii la maturitate. Gustul este dulce, intens aromat, cu parfum specific de muscat. Soiul se remarca prin productivitate ridicata, vigoare buna si recolte constante. Perioada de coacere este in lunile august-septembrie. Planta prefera locurile insorite si solurile fertile, bine drenate. Prezinta o rezistenta foarte buna la inghet si o adaptare excelenta la conditiile climatice din Romania. Se dezvolta optim pe spalieri, pergole sau alte sisteme de sustinere si poate ajunge la aproximativ 2-4 m la maturitate, in functie de sistemul de conducere. Este potrivit atat pentru gradinile familiale, cat si pentru plantatiile comerciale destinate consumului in stare proaspata.	https://pomifructiferionline.ro/produse/butasi-vita-de-vie-muscat-de-poloskei/	https://pomifructiferionline.ro/images/vita-de-vie/soiuri-de-masa/muscat-de-poloskei/muscat-de-poloskei-1.png	in_stock	12.00 RON	new	no
VV-MASA-027	Butasi vita de vie Eva	Vita de vie Eva este un soi de masa timpuriu, apreciat pentru ciorchinii mari, cilindro-conici si bine formati si pentru boabele mari, ovale, de culoare roz-rosiatic pana la rosu intens la maturitate. Pulpa este crocanta, carnoasa si suculenta, iar gustul este dulce, fin aromat si echilibrat. Soiul se remarca prin maturare timpurie, productivitate ridicata si fructificare constanta. Perioada de recoltare este in luna august. Planta prefera locurile insorite si solurile fertile, bine drenate. Prezinta o rezistenta buna la inghet si suporta bine transportul. Se dezvolta optim pe spalieri, pergole sau alte sisteme de sustinere si poate ajunge la aproximativ 2-4 m la maturitate, in functie de sistemul de conducere. Este potrivit atat pentru gradinile familiale, cat si pentru plantatiile comerciale destinate consumului in stare proaspata.	https://pomifructiferionline.ro/produse/butasi-vita-de-vie-eva/	https://pomifructiferionline.ro/images/vita-de-vie/soiuri-de-masa/eva/eva-1.png	in_stock	12.00 RON	new	no
VV-MASA-028	Butasi vita de vie Autumn Royal	Vita de vie Autumn Royal este un soi premium de masa, fara samburi, apreciat pentru ciorchinii mari, conici si bine formati si pentru boabele mari, ovale, de culoare violet inchis pana la negru intens. Pulpa este carnoasa, ferma si crocanta, iar gustul este foarte dulce si fin aromat. Soiul se remarca prin maturare tarzie, productivitate ridicata si aspect comercial premium. Perioada de recoltare este in lunile septembrie-octombrie, fiind ideal pentru prelungirea sezonului de consum al strugurilor. Planta prefera locurile insorite si solurile fertile, bine drenate. Prezinta o rezistenta buna la inghet si o rezistenta excelenta la transport si pastrare. Se dezvolta optim pe spalieri, pergole sau alte sisteme de sustinere si poate ajunge la aproximativ 2-4 m la maturitate, in functie de sistemul de conducere. Este potrivit atat pentru gradinile familiale, cat si pentru plantatiile comerciale destinate consumului in stare proaspata.	https://pomifructiferionline.ro/produse/butasi-vita-de-vie-autumn-royal/	https://pomifructiferionline.ro/images/vita-de-vie/soiuri-de-masa/autumn-royal/autumn-royal-1.png	in_stock	12.00 RON	new	no
VV-MASA-029	Butasi vita de vie Regina	Vita de vie Regina este un soi de masa apreciat pentru ciorchinii mari, cilindro-conici si bine aerisiti si pentru boabele mari, usor alungite, de culoare galben-verzui pana la galben-auriu la maturitate. Pulpa este carnoasa si crocanta, iar gustul este dulce, echilibrat si fin aromat. Soiul se remarca prin productivitate ridicata, fructificare constanta si aspect comercial excelent. Perioada de recoltare este in lunile septembrie pana la inceputul lunii octombrie. Planta prefera locurile insorite si solurile fertile, bine drenate. Prezinta o rezistenta buna la inghet si suporta bine transportul. Se dezvolta optim pe spalieri, pergole sau alte sisteme de sustinere si poate ajunge la aproximativ 2-4 m la maturitate, in functie de sistemul de conducere. Este potrivit atat pentru gradinile familiale, cat si pentru plantatiile comerciale destinate consumului in stare proaspata.	https://pomifructiferionline.ro/produse/butasi-vita-de-vie-regina/	https://pomifructiferionline.ro/images/vita-de-vie/soiuri-de-masa/regina/regina-1.png	in_stock	12.00 RON	new	no
VV-MASA-030	Butasi vita de vie Alphonse Lavallee	Vita de vie Alphonse Lavallee este un soi clasic de masa, originar din Franta, apreciat pentru ciorchinii mari, conici si bine formati si pentru boabele mari, rotunde, de culoare negru-albastrui pana la violet inchis, acoperite cu pruina abundenta. Pulpa este carnoasa, ferma si crocanta, iar gustul este dulce, placut si echilibrat. Soiul se remarca prin productivitate ridicata, fructificare constanta si aspect comercial foarte bun. Perioada de recoltare este in luna septembrie. Planta prefera locurile insorite si solurile fertile, bine drenate. Prezinta o rezistenta buna la inghet si suporta bine transportul si pastrarea. Se dezvolta optim pe spalieri, pergole sau alte sisteme de sustinere si poate ajunge la aproximativ 2-4 m la maturitate, in functie de sistemul de conducere. Este potrivit atat pentru gradinile familiale, cat si pentru plantatiile comerciale destinate consumului in stare proaspata.	https://pomifructiferionline.ro/produse/butasi-vita-de-vie-alphonse-lavallee/	https://pomifructiferionline.ro/images/vita-de-vie/soiuri-de-masa/alphonse-lavallee/alphonse-lavallee-1.png	in_stock	12.00 RON	new	no
VV-MASA-031	Butasi vita de vie Libia	Vita de vie Libia este un soi de masa foarte apreciat pentru maturarea timpurie, ciorchinii mari, cilindro-conici si cu greutate ridicata si pentru boabele foarte mari, ovale, de culoare roz deschis pana la roz-auriu la maturitate. Pulpa este carnoasa, suculenta si crocanta, iar gustul este foarte dulce, fin aromat, cu note placute de muscat. Soiul se remarca prin productivitate ridicata, fructificare constanta si aspect comercial excelent. Perioada de recoltare este in luna august, fiind un soi timpuriu. Planta prefera locurile insorite si solurile fertile, bine drenate. Prezinta o rezistenta buna la inghet si suporta bine transportul. Se dezvolta optim pe spalieri, pergole sau alte sisteme de sustinere si poate ajunge la aproximativ 2-4 m la maturitate, in functie de sistemul de conducere. Este potrivit atat pentru gradinile familiale, cat si pentru plantatiile comerciale destinate consumului in stare proaspata.	https://pomifructiferionline.ro/produse/butasi-vita-de-vie-libia/	https://pomifructiferionline.ro/images/vita-de-vie/soiuri-de-masa/libia/libia-1.png	in_stock	12.00 RON	new	no
VV-MASA-032	Butasi vita de vie Kismis Moldavski	Vita de vie Kismis Moldavski este un soi de masa apiren, fara samburi, apreciat pentru ciorchinii mari, cilindro-conici si bine formati si pentru boabele medii spre mari, de culoare violet inchis pana la albastru-negru la maturitate. Pulpa este carnoasa si suculenta, iar gustul este foarte dulce si fin aromat. Soiul se remarca prin productivitate ridicata, fructificare constanta si calitatea buna a fructelor. Perioada de recoltare este in luna septembrie. Planta prefera locurile insorite si solurile fertile, bine drenate. Prezinta o rezistenta buna la inghet si suporta bine transportul. Se dezvolta optim pe spalieri, pergole sau alte sisteme de sustinere si poate ajunge la aproximativ 2-4 m la maturitate, in functie de sistemul de conducere. Strugurii sunt potriviti atat pentru consum in stare proaspata, cat si pentru obtinerea stafidelor si pentru deserturi.	https://pomifructiferionline.ro/produse/butasi-vita-de-vie-kismis-moldavski/	https://pomifructiferionline.ro/images/vita-de-vie/soiuri-de-masa/kismis-moldavski/kismis-moldavski-1.png	in_stock	12.00 RON	new	no
VV-MASA-034	Butasi vita de vie Banana	Vita de vie Banana este un soi de masa apreciat pentru aspectul spectaculos al ciorchinilor si pentru boabele mari, alungite, de culoare galben-verzui pana la galben-auriu la maturitate. Pulpa este crocanta si suculenta, iar gustul este dulce, echilibrat si fin aromat, cu note fructate. Soiul se remarca prin productivitate ridicata si fructificare constanta. Perioada de recoltare este in lunile august-septembrie. Planta prefera locurile insorite si solurile fertile, bine drenate. Prezinta o rezistenta buna la inghet si se adapteaza bine in gradini familiale, pergole si plantatii. Se dezvolta optim pe spalieri sau alte sisteme de sustinere si poate ajunge la aproximativ 2-4 m la maturitate, in functie de sistemul de conducere. Este ideal pentru consum in stare proaspata datorita boabelor mari si aspectului deosebit.	https://pomifructiferionline.ro/produse/butasi-vita-de-vie-banana/	https://pomifructiferionline.ro/images/vita-de-vie/soiuri-de-masa/banana/banana-1.png	in_stock	12.00 RON	new	no
VV-MASA-035	Butasi vita de vie Avatar	Vita de vie Avatar este un soi premium de masa apiren, fara samburi, renumit pentru boabele sale foarte mari, alungite si cilindrice, de culoare negru-violet intens, acoperite cu pruina abundenta. Ciorchinii sunt mari, conici si bine aerisiti, cu un aspect comercial spectaculos. Pulpa este ferma si crocanta, iar gustul este foarte dulce si fin aromat. Soiul se remarca prin productivitate ridicata, fructificare constanta si calitatea excelenta a fructelor. Perioada de recoltare este in lunile august-septembrie. Planta prefera locurile insorite si solurile fertile, bine drenate. Prezinta o rezistenta buna la inghet si se dezvolta optim pe spalieri, pergole sau alte sisteme de sustinere. Poate ajunge la aproximativ 2-4 m la maturitate, in functie de sistemul de conducere. Este ideal atat pentru gradinile familiale, cat si pentru plantatiile comerciale destinate consumului in stare proaspata.	https://pomifructiferionline.ro/produse/butasi-vita-de-vie-avatar/	https://pomifructiferionline.ro/images/vita-de-vie/soiuri-de-masa/avatar/avatar-1.png	in_stock	12.00 RON	new	no
VV-MASA-037	Butasi vita de vie Halloween	Vita de vie Halloween este un soi premium de masa apiren, fara samburi, apreciat pentru aspectul spectaculos al fructelor. Produce ciorchini mari, conici si bine formati, cu boabe mari si foarte alungite, de culoare negru-violet intens, acoperite cu pruina abundenta. Pulpa este ferma si crocanta, iar gustul este foarte dulce si fin aromat. Soiul se remarca prin productivitate ridicata, fructificare constanta si rezistenta buna la transport si pastrare. Perioada de recoltare este in luna septembrie. Planta prefera locurile insorite si solurile fertile, bine drenate. Prezinta o rezistenta buna la inghet si se dezvolta optim pe spalieri, pergole sau alte sisteme de sustinere. Poate ajunge la aproximativ 2-4 m la maturitate, in functie de sistemul de conducere. Este ideal pentru gradini familiale si plantatii comerciale destinate consumului in stare proaspata.	https://pomifructiferionline.ro/produse/butasi-vita-de-vie-halloween/	https://pomifructiferionline.ro/images/vita-de-vie/soiuri-de-masa/halloween/halloween-1.png	in_stock	12.00 RON	new	no
VV-VIN-001	Butasi vita de vie Rosioara	Vita de vie Rosioara este un soi destinat vinificatiei, apreciat pentru productivitatea ridicata, adaptabilitatea foarte buna si calitatea strugurilor. Produce ciorchini bine formati, cu boabe de culoare rosu-violaceu, bogate in zaharuri si arome, potrivite pentru obtinerea vinurilor rosii si roze. Gustul boabelor este dulce si aromat, iar perioada de coacere este in luna septembrie. Planta prefera locurile insorite si solurile fertile, bine drenate. Prezinta o rezistenta foarte buna la inghet si se adapteaza bine conditiilor climatice din Romania. Se dezvolta optim pe spalieri sau alte sisteme de sustinere si poate ajunge la aproximativ 2-4 m la maturitate, in functie de sistemul de conducere. Este potrivita pentru plantatii viticole, gradini familiale si pentru producerea vinului de casa.	https://pomifructiferionline.ro/produse/butasi-vita-de-vie-rosioara/	https://pomifructiferionline.ro/images/vita-de-vie/soiuri-de-masa/rosioara/rosioara-1.png	in_stock	12.00 RON	new	no
VV-MASA-038	Butasi vita de vie Ungureasca	Vita de vie Ungureasca este un soi de masa apreciat pentru productivitatea ridicata, dezvoltarea viguroasa si adaptabilitatea foarte buna. Produce ciorchini mari si aspectuosi, cu boabe mari, carnoase si suculente, de culoare negru-violaceu. Gustul este dulce, echilibrat si aromat, fiind ideal pentru consumul in stare proaspata. Perioada de coacere este in lunile august-septembrie. Planta prefera locurile insorite si solurile fertile, bine drenate. Prezinta o rezistenta foarte buna la inghet si se adapteaza excelent conditiilor climatice din Romania. Se dezvolta optim pe spalieri, pergole sau alte sisteme de sustinere si poate ajunge la aproximativ 2-4 m la maturitate, in functie de sistemul de conducere. Este potrivita pentru gradini familiale si plantatii comerciale.	https://pomifructiferionline.ro/produse/butasi-vita-de-vie-ungureasca/	https://pomifructiferionline.ro/images/vita-de-vie/soiuri-de-masa/ungureasca/ungureasca-1.png	in_stock	12.00 RON	new	no
VV-MASA-040	Butasi vita de vie Muscat de Adda	Vita de vie Muscat de Adda este un soi de masa apreciat pentru ciorchinii mari si aspectuosi si pentru aroma intensa si specifica de muscat. Produce boabe mari, carnoase si suculente, de culoare galben-verzuie, cu reflexe aurii la maturitate. Gustul este dulce, intens aromat si parfumat. Soiul se remarca prin productivitate ridicata, recolte constante si adaptabilitate foarte buna. Perioada de coacere este in lunile august-septembrie. Planta prefera locurile insorite si solurile fertile, bine drenate. Prezinta o rezistenta foarte buna la inghet si se dezvolta optim pe spalieri, pergole sau alte sisteme de sustinere. Poate ajunge la aproximativ 2-4 m la maturitate, in functie de sistemul de conducere. Este potrivit pentru gradini familiale si plantatii comerciale destinate consumului in stare proaspata.	https://pomifructiferionline.ro/produse/butasi-vita-de-vie-muscat-de-adda/	https://pomifructiferionline.ro/images/vita-de-vie/soiuri-de-masa/muscat-de-adda/muscat-de-adda-1.png	in_stock	12.00 RON	new	no
VV-MASA-041	Butasi vita de vie Cotton Candy	Vita de vie Cotton Candy este un soi premium de masa apiren, fara samburi, apreciat la nivel mondial pentru gustul sau unic, extrem de dulce, cu aroma naturala ce aminteste de vata de zahar. Produce ciorchini mari, conici si bine formati, cu boabe medii spre mari, de culoare verde-galbuie pana la galben-aurie la maturitate. Pulpa este crocanta si suculenta, iar fructele sunt foarte atractive pentru consumul in stare proaspata. Soiul se remarca prin productivitate ridicata, fructificare constanta si aspect comercial premium. Perioada de recoltare este in lunile august-septembrie. Planta prefera locurile insorite si solurile fertile, bine drenate. Prezinta o rezistenta buna la inghet si se dezvolta optim pe spalieri, pergole sau alte sisteme de sustinere. Poate ajunge la aproximativ 2-4 m la maturitate, in functie de sistemul de conducere. Este potrivit atat pentru gradinile familiale, cat si pentru plantatiile comerciale.	https://pomifructiferionline.ro/produse/butasi-vita-de-vie-cotton-candy/	https://pomifructiferionline.ro/images/vita-de-vie/soiuri-de-masa/cotton-candy/cotton-candy-1.png	in_stock	12.00 RON	new	no
VV-MASA-039	Butasi vita de vie Tereza	Vita de vie Tereza este un soi de masa apreciat pentru strugurii mari si aspectuosi, boabele carnoase si suculente si gustul dulce, aromat si echilibrat. Produce recolte bogate si constante si se remarca prin vigoare buna si adaptabilitate ridicata. Boabele pot prezenta nuante verde-galbui pana la roz la maturitate, in functie de expunere si conditiile de cultura. Perioada de coacere este in lunile august-septembrie. Planta prefera locurile insorite si solurile fertile, bine drenate. Prezinta o rezistenta foarte buna la inghet si se adapteaza bine conditiilor climatice din Romania. Se dezvolta optim pe spalieri, pergole sau alte sisteme de sustinere si poate ajunge la aproximativ 2-4 m la maturitate, in functie de sistemul de conducere. Este potrivita pentru gradini familiale si plantatii comerciale destinate consumului in stare proaspata.	https://pomifructiferionline.ro/produse/butasi-vita-de-vie-tereza/	https://pomifructiferionline.ro/images/vita-de-vie/soiuri-de-masa/tereza/tereza-1.png	in_stock	12.00 RON	new	no
VV-MASA-040	Butasi vita de vie Dobrowski	Vita de vie Dobrowski este un soi de masa apreciat pentru ciorchinii mari, cilindro-conici si bine formati si pentru boabele mari, crocante si suculente. Culoarea boabelor este galben-verzuie, cu reflexe aurii la maturitate, iar gustul este dulce si fin aromat. Soiul se remarca prin productivitate ridicata si constanta si prin adaptarea buna la diferite conditii de cultura. Perioada de recoltare este in lunile august-septembrie. Planta prefera locurile insorite si solurile fertile, bine drenate. Prezinta o rezistenta buna la inghet si se dezvolta optim pe spalieri, pergole sau alte sisteme de sustinere. Poate ajunge la aproximativ 2-4 m la maturitate, in functie de sistemul de conducere. Este potrivit pentru gradini familiale si plantatii destinate consumului in stare proaspata.	https://pomifructiferionline.ro/produse/butasi-vita-de-vie-dobrowski/	https://pomifructiferionline.ro/images/vita-de-vie/soiuri-de-masa/dobrowski/dobrowski-1.png	in_stock	12.00 RON	new	no
VV-VIN-002	Butasi vita de vie Merlot	Vita de vie Merlot este unul dintre cele mai apreciate soiuri pentru vin din lume, renumit pentru strugurii bogati in zaharuri si compusi aromatici, din care se obtin vinuri rosii catifelate, echilibrate si intens parfumate. Produce boabe medii, rotunde si suculente, de culoare albastru inchis pana la negru-violaceu. Gustul boabelor este dulce si echilibrat, cu un continut ridicat de zaharuri. Perioada de coacere este in lunile septembrie-octombrie. Planta prefera locurile insorite si solurile fertile, bine drenate. Prezinta o rezistenta buna la inghet si o rezistenta buna la boli. Soiul se remarca prin productivitate ridicata, recolte constante si adaptabilitate excelenta la conditiile climatice din Romania. Este ideal pentru obtinerea vinurilor rosii si roze, cu potential bun de maturare, fiind potrivit atat pentru podgorii comerciale, cat si pentru plantatii familiale.	https://pomifructiferionline.ro/produse/butasi-vita-de-vie-merlot/	https://pomifructiferionline.ro/images/vita-de-vie/soiuri-de-vin/merlot/merlot-1.png	in_stock	12.00 RON	new	no
VV-VIN-003	Butasi vita de vie Muscat Ottonel	Vita de vie Muscat Ottonel este unul dintre cele mai apreciate soiuri pentru obtinerea vinurilor albe aromate. Produce struguri de culoare galben-verzuie, cu reflexe aurii la maturitate, cu boabe medii, rotunde si suculente. Gustul este dulce, intens aromat si prezinta parfumul specific de muscat. Soiul se remarca prin continutul ridicat de zaharuri si prin calitatea superioara a strugurilor, fiind utilizat pentru obtinerea unor vinuri albe elegante, parfumate si echilibrate. Perioada de coacere este in luna septembrie. Planta prefera locurile insorite si solurile fertile, bine drenate. Prezinta o rezistenta buna la inghet si o rezistenta buna la boli. Muscat Ottonel se adapteaza foarte bine conditiilor climatice din Romania si este potrivit atat pentru podgorii comerciale, cat si pentru plantatii familiale destinate vinificatiei.	https://pomifructiferionline.ro/produse/butasi-vita-de-vie-muscat-ottonel/	https://pomifructiferionline.ro/images/vita-de-vie/soiuri-de-vin/muscat-ottonel/muscat-ottonel-1.png	in_stock	12.00 RON	new	no
VV-VIN-004	Butasi vita de vie Tamaioasa Romaneasca	Vita de vie Tamaioasa Romaneasca este unul dintre cele mai valoroase si apreciate soiuri romanesti pentru vin alb aromat. Strugurii sunt de culoare galben-aurie, cu reflexe chihlimbarii la maturitate, iar boabele sunt medii, rotunde si suculente. Gustul este dulce, intens aromat si bogat in zaharuri. Soiul este renumit pentru parfumul sau inconfundabil si pentru aromele complexe de flori, miere, busuioc si fructe exotice. Este utilizat pentru obtinerea unor vinuri albe premium, elegante si foarte aromate, de la seci si demiseci pana la demidulci si dulci. Perioada de coacere este in lunile septembrie-octombrie. Planta prefera locurile insorite si solurile fertile, bine drenate. Prezinta o rezistenta buna la inghet si o rezistenta buna la boli. Se adapteaza foarte bine conditiilor climatice din Romania si este potrivita atat pentru podgorii comerciale, cat si pentru plantatii familiale destinate vinificatiei.	https://pomifructiferionline.ro/produse/butasi-vita-de-vie-tamaioasa-romaneasca/	https://pomifructiferionline.ro/images/vita-de-vie/soiuri-de-vin/tamaioasa-romaneasca/tamaioasa-romaneasca-1.png	in_stock	12.00 RON	new	no
VV-VIN-005	Butasi vita de vie Feteasca Neagra	Vita de vie Feteasca Neagra este unul dintre cele mai valoroase soiuri romanesti pentru vin rosu, apreciat pentru strugurii bogati in zaharuri si compusi aromatici. Produce boabe medii, rotunde si suculente, de culoare albastru inchis pana la negru-violaceu. Din acest soi se obtin vinuri rosii elegante, complexe si bine structurate, cu note de fructe negre, prune uscate si condimente. Perioada de coacere este in lunile septembrie-octombrie. Planta prefera locurile insorite si solurile fertile, bine drenate. Prezinta o rezistenta buna la inghet si o rezistenta buna la boli. Soiul se remarca prin productivitate ridicata, recolte constante si adaptabilitate excelenta la conditiile climatice din Romania. Este ideal pentru obtinerea vinurilor rosii seci, baricate si cu potential mare de invechire, fiind potrivit atat pentru podgorii comerciale, cat si pentru plantatii familiale destinate vinificatiei.	https://pomifructiferionline.ro/produse/butasi-vita-de-vie-feteasca-neagra/	https://pomifructiferionline.ro/images/vita-de-vie/soiuri-de-vin/feteasca-neagra/feteasca-neagra-1.png	in_stock	12.00 RON	new	no
VV-VIN-006	Butasi vita de vie Feteasca Alba	Vita de vie Feteasca Alba este unul dintre cele mai reprezentative soiuri romanesti pentru vin alb, apreciat pentru productivitatea ridicata, adaptabilitatea excelenta si calitatea strugurilor. Produce ciorchini bine formati cu boabe medii, rotunde si suculente, de culoare galben-verzuie. Gustul este dulce, fin aromat si bogat in zaharuri. Din acest soi se obtin vinuri albe elegante, proaspete si echilibrate, cu arome florale si fructate. Perioada de coacere este in luna septembrie. Planta prefera locurile insorite si solurile fertile, bine drenate. Prezinta o rezistenta buna la inghet si o rezistenta buna la boli. Feteasca Alba este cultivata pe scara larga in podgoriile din Romania si este potrivita atat pentru plantatii comerciale, cat si pentru plantatii familiale destinate vinificatiei.	https://pomifructiferionline.ro/produse/butasi-vita-de-vie-feteasca-alba/	https://pomifructiferionline.ro/images/vita-de-vie/soiuri-de-vin/feteasca-alba/feteasca-alba-1.png	in_stock	12.00 RON	new	no
VV-VIN-007	Butasi vita de vie Cabernet Sauvignon	Vita de vie Cabernet Sauvignon este unul dintre cele mai renumite soiuri pentru vin rosu din lume, apreciat pentru calitatea exceptionala a strugurilor si pentru vinurile complexe, elegante si bine structurate. Produce ciorchini bine formati, cu boabe mici spre medii, rotunde si suculente, de culoare albastru inchis pana la negru-violaceu. Gustul boabelor este dulce, bogat in taninuri si compusi aromatici. Perioada de coacere este in lunile septembrie-octombrie. Planta prefera locurile insorite si solurile fertile, bine drenate. Prezinta o rezistenta buna la inghet si o rezistenta buna la boli. Soiul se remarca prin productivitate ridicata, recolte constante si adaptabilitate foarte buna la conditiile climatice din Romania. Este ideal pentru obtinerea vinurilor rosii seci de inalta calitate, cu potential excelent de maturare si invechire, fiind potrivit atat pentru podgorii comerciale, cat si pentru plantatii familiale destinate vinificatiei.	https://pomifructiferionline.ro/produse/butasi-vita-de-vie-cabernet-sauvignon/	https://pomifructiferionline.ro/images/vita-de-vie/soiuri-de-vin/cabernet-sauvignon/cabernet-sauvignon-1.png	in_stock	12.00 RON	new	no
VV-VIN-008	Butasi vita de vie Busuioaca de Bohotin	Vita de vie Busuioaca de Bohotin produce struguri mijlocii, de aproximativ 150-170 g, cilindro-conici, uneori aripati si desi in boabe. Boabele sunt mijlocii, sferice, cu pielita subtire, de culoare violet inchis cu nuante vinii, acoperita cu un strat fin de pruina. Pulpa este zemoasa si are aroma specifica soiului. Soiul are o perioada mijlocie de vegetatie, de aproximativ 170-175 zile, iar coacerea strugurilor are loc in luna septembrie. Vita de vie este sensibila la ger.	https://pomifructiferionline.ro/produse/butasi-vita-de-vie-busuioaca-de-bohotin/	https://pomifructiferionline.ro/images/vita-de-vie/soiuri-de-vin/busuioaca-de-bohotin/busuioaca-de-bohotin-1.png	in_stock	12.00 RON	new	no
VV-VIN-009	Butasi vita de vie Sauvignon Blanc	Vita de vie Sauvignon Blanc este unul dintre cele mai apreciate soiuri pentru vin alb din lume, renumit pentru aromele sale proaspete si expresive. Produce struguri cu boabe mici spre medii, rotunde si suculente, de culoare galben-verzuie. Gustul boabelor este dulce si echilibrat, cu aciditate naturala placuta. Din acest soi se obtin vinuri albe elegante si aromate, cu note de citrice, fructe tropicale si flori albe. Perioada de coacere este in luna septembrie. Planta prefera locurile insorite si solurile fertile, bine drenate. Prezinta o rezistenta buna la inghet si o rezistenta buna la boli. Sauvignon Blanc se adapteaza foarte bine conditiilor climatice din Romania si este potrivit atat pentru podgorii comerciale, cat si pentru plantatii familiale destinate vinificatiei.	https://pomifructiferionline.ro/produse/butasi-vita-de-vie-sauvignon-blanc/	https://pomifructiferionline.ro/images/vita-de-vie/soiuri-de-vin/sauvignon-blanc/sauvignon-blanc-1.png	in_stock	12.00 RON	new	no
VV-VIN-010	Butasi vita de vie Aligote	Vita de vie Aligote este un soi apreciat pentru vin alb, cultivat pe scara larga in Romania si in alte regiuni viticole europene. Produce struguri mici spre medii, cu boabe rotunde si suculente, de culoare galben-verzuie, cu reflexe aurii la maturitate. Gustul este dulce, echilibrat si bogat in zaharuri, iar aromele sunt fine, cu note florale si fructate. Soiul se remarca prin productivitate ridicata si recolte constante. Perioada de coacere este in luna septembrie. Planta prefera locurile insorite si solurile fertile, bine drenate. Prezinta o rezistenta buna la inghet si o rezistenta buna la boli si se adapteaza foarte bine conditiilor climatice din Romania. Este ideal pentru obtinerea vinurilor albe seci, demiseci si spumante, fiind potrivit atat pentru podgorii comerciale, cat si pentru plantatii familiale destinate vinificatiei.	https://pomifructiferionline.ro/produse/butasi-vita-de-vie-aligote/	https://pomifructiferionline.ro/images/vita-de-vie/soiuri-de-vin/aligote/aligote-1.png	in_stock	12.00 RON	new	no
VV-VIN-011	Butasi vita de vie Riesling Italian	Vita de vie Riesling Italian, cunoscuta si sub denumirea Welschriesling, este un soi apreciat pentru vin alb, cultivat cu succes in podgoriile din Romania. Produce struguri cu boabe mici spre medii, rotunde si suculente, de culoare galben-verzuie, cu reflexe aurii la maturitate. Gustul este dulce, echilibrat si bogat in zaharuri. Din acest soi se obtin vinuri albe proaspete, elegante si armonioase, cu arome fine de mere verzi, citrice si flori de camp. Soiul se remarca prin productivitate ridicata, recolte constante si adaptabilitate buna. Perioada de coacere este in lunile septembrie-octombrie. Planta prefera locurile insorite si solurile fertile, bine drenate. Prezinta o rezistenta buna la inghet si o rezistenta buna la boli. Este potrivit pentru obtinerea vinurilor albe seci, demiseci si spumante, atat in podgorii comerciale, cat si in plantatii familiale destinate vinificatiei.	https://pomifructiferionline.ro/produse/butasi-vita-de-vie-riesling-italian/	https://pomifructiferionline.ro/images/vita-de-vie/soiuri-de-vin/riesling-italian/riesling-italian-1.png	in_stock	12.00 RON	new	no
VV-VIN-012	Butasi vita de vie Chardonnay	Vita de vie Chardonnay este unul dintre cele mai renumite soiuri pentru vin alb din lume, originar din Franta si cultivat cu succes si in podgoriile din Romania. Produce ciorchini mici spre medii, compacti, cu boabe mici spre medii, rotunde si suculente, de culoare verde-galbuie pana la galben-auriu la maturitate. Gustul este dulce si echilibrat, cu aciditate placuta. Chardonnay este apreciat pentru versatilitatea sa in vinificatie, fiind utilizat pentru obtinerea vinurilor albe seci, demiseci, spumante si baricate, cu profil aromatic complex. Perioada de inflorire este in lunile mai-iunie, iar recoltarea are loc in luna septembrie. Planta prefera locurile insorite si solurile fertile, bine drenate. Prezinta rezistenta buna la inghet, este autofertila si se remarca prin productivitate ridicata si adaptabilitate excelenta. Este potrivita atat pentru plantatii comerciale, cat si pentru podgorii si gradini familiale destinate vinificatiei.	https://pomifructiferionline.ro/produse/butasi-vita-de-vie-chardonnay/	https://pomifructiferionline.ro/images/vita-de-vie/soiuri-de-vin/chardonnay/chardonnay-1.png	in_stock	12.00 RON	new	no
VV-VIN-013	Butasi vita de vie Shiraz	Vita de vie Shiraz, cunoscuta si sub denumirea Syrah, este unul dintre cele mai renumite soiuri pentru vin rosu din lume. Produce ciorchini medii si compacti, cu boabe mici spre medii, rotunde si suculente, de culoare albastru-negru intens. Gustul este dulce si echilibrat, cu note fructate si condimentate. Din acest soi se obtin vinuri rosii seci, corpolente si complexe, cu arome de fructe negre, piper, condimente si uneori note de ciocolata. Este potrivit si pentru vinuri rose si cupaje premium. Perioada de inflorire este in lunile mai-iunie, iar recoltarea are loc in lunile septembrie-octombrie. Planta prefera locurile insorite si solurile fertile, bine drenate. Prezinta rezistenta buna la inghet, este autofertila si se remarca prin productivitate ridicata, fructificare constanta si adaptabilitate foarte buna la diferite conditii de cultura. Este potrivita atat pentru plantatii comerciale, cat si pentru podgorii si gradini familiale destinate vinificatiei.	https://pomifructiferionline.ro/produse/butasi-vita-de-vie-shiraz/	https://pomifructiferionline.ro/images/vita-de-vie/soiuri-de-vin/shiraz/shiraz-1.png	in_stock	12.00 RON	new	no
VV-MASA-014	Butasi vita de vie Pione	Vita de vie Pione este un soi premium de vita de vie de masa, originar din Japonia, apreciat pentru ciorchinii mari, boabele impresionante de culoare violet inchis pana la negru-albastrui si gustul foarte dulce, cu aroma delicata. Boabele sunt foarte mari, rotunde si suculente, cu pulpa carnoasa si pruina abundenta, iar ciorchinii sunt mari, conici si bine formati. Soiul este destinat in special consumului in stare proaspata si se remarca prin productivitate ridicata, fructificare constanta si aspect comercial deosebit. Perioada de inflorire este in lunile mai-iunie, iar recoltarea are loc in lunile august-septembrie. Planta prefera locurile insorite si solurile fertile, bine drenate. Prezinta rezistenta buna la inghet, este autofertila si se adapteaza foarte bine la cultivarea pe spalieri, pergole sau alte sisteme de sustinere. Este potrivita atat pentru gradini familiale, cat si pentru plantatii comerciale destinate consumului la masa.	https://pomifructiferionline.ro/produse/butasi-vita-de-vie-pione/	https://pomifructiferionline.ro/images/vita-de-vie/soiuri-de-masa/pione/pione-1.png	in_stock	12.00 RON	new	no
VV-VIN-014	Butasi vita de vie Pinot Grigio	Vita de vie Pinot Grigio este unul dintre cele mai apreciate soiuri pentru vin, renumit pentru vinurile sale albe elegante, proaspete si intens aromate. Originar din Franta si cultivat pe scara larga in regiunile viticole din Italia, soiul produce ciorchini mici spre medii, compacti, cu boabe mici spre medii, rotunde si suculente. Culoarea boabelor variaza de la roz-gri pana la gri-violet la maturitate, iar gustul este dulce si echilibrat, cu aciditate placuta. Din acest soi se obtin vinuri albe seci, demiseci si vinuri spumante, cu profil aromatic fin si prospetime buna. Perioada de inflorire este in lunile mai-iunie, iar recoltarea are loc in luna septembrie. Planta prefera locurile insorite si solurile fertile, bine drenate. Prezinta rezistenta buna la inghet, este autofertila si se remarca prin productivitate ridicata si adaptabilitate foarte buna la diferite conditii climatice. Este potrivita atat pentru podgorii comerciale, cat si pentru plantatii familiale destinate vinificatiei.	https://pomifructiferionline.ro/produse/butasi-vita-de-vie-pinot-grigio/	https://pomifructiferionline.ro/images/vita-de-vie/soiuri-de-vin/pinot-grigio/pinot-grigio-1.png	in_stock	12.00 RON	new	no
VV-MASA-008	Butasi vita de vie Fraga	Vita de vie Fraga este un soi de masa apreciat pentru aroma sa intensa, cu note specifice de fragi, si pentru strugurii dulci si suculenti. Produce ciorchini bine formati, cu boabe medii si zemoase, de culoare galben-aurie cu nuante roz la maturitate. Gustul este dulce, intens aromat si placut, cu parfumul caracteristic de fragi. Soiul se remarca prin productivitate ridicata, recolte bogate si constante si adaptabilitate foarte buna la conditiile climatice din Romania. Perioada de coacere este in lunile august-septembrie. Planta prefera locurile insorite si solurile fertile, bine drenate. Prezinta o rezistenta foarte buna la inghet si este viguroasa si usor de intretinut. Fructele sunt ideale pentru consum in stare proaspata, fiind potrivite pentru gradini familiale, pergole si plantatii destinate consumului la masa.	https://pomifructiferionline.ro/produse/butasi-vita-de-vie-fraga/	https://pomifructiferionline.ro/images/vita-de-vie/soiuri-de-masa/fraga/fraga-1.png	in_stock	12.00 RON	new	no
VV-MASA-009	Butasi vita de vie Capsunica Neagra	Vita de vie Capsunica Neagra este un soi de masa apreciat pentru strugurii sai de culoare negru-violaceu si aroma intensa, cu note specifice de capsuni. Produce ciorchini bine formati, cu boabe medii spre mari, carnoase si suculente. Gustul este dulce, intens aromat si placut, cu parfumul caracteristic soiului Capsunica. Soiul se remarca prin productivitate ridicata, recolte bogate si constante si adaptabilitate excelenta la conditiile climatice din Romania. Perioada de coacere este in lunile august-septembrie. Planta prefera locurile insorite si solurile fertile, bine drenate. Prezinta o rezistenta foarte buna la inghet si este potrivita pentru cultivarea pe spalieri, pergole si foisoare. Fructele sunt ideale pentru consum in stare proaspata, iar planta este potrivita atat pentru gradini familiale, cat si pentru plantatii destinate consumului la masa.	https://pomifructiferionline.ro/produse/butasi-vita-de-vie-capsunica-neagra/	https://pomifructiferionline.ro/images/vita-de-vie/soiuri-de-masa/capsunica-neagra/capsunica-neagra-1.png	in_stock	12.00 RON	new	no
VV-VIN-015	Butasi vita de vie Nohan	Vita de vie Nohan este un soi destinat in principal producerii vinului, apreciat pentru vigoarea sa, productivitatea ridicata si adaptabilitatea foarte buna la conditiile climatice din Romania. Produce ciorchini bine formati, cu boabe medii si suculente, de culoare negru-albastruie. Gustul este dulce si aromat, iar strugurii sunt bogati in zaharuri si compusi aromatici. Soiul este potrivit pentru obtinerea vinurilor de casa cu gust intens si caracter autentic. Perioada de coacere este in luna septembrie. Planta prefera locurile insorite si solurile fertile, bine drenate. Prezinta o rezistenta foarte buna la inghet, este viguroasa si usor de intretinut. Productivitatea ridicata si recoltele constante il recomanda atat pentru podgorii familiale, cat si pentru plantatii destinate vinificatiei.	https://pomifructiferionline.ro/produse/butasi-vita-de-vie-nohan/	https://pomifructiferionline.ro/images/vita-de-vie/soiuri-de-vin/nohan/nohan-1.png	in_stock	12.00 RON	new	no
VV-VIN-016	Butasi vita de vie Nohan Negru	Vita de vie Nohan Negru este un soi destinat in principal producerii vinului, apreciat pentru vigoarea sa, productivitatea ridicata si adaptabilitatea excelenta la conditiile climatice din Romania. Produce struguri de culoare negru-albastruie, bogati in zaharuri si arome, cu gust dulce si aromat. Soiul se remarca prin recolte bogate si constante si este potrivit pentru obtinerea vinurilor de casa cu gust intens si caracter autentic. Perioada de coacere este spre sfarsitul verii si inceputul toamnei. Planta prefera locurile insorite si solurile fertile, bine drenate. Prezinta o rezistenta foarte buna la temperaturi scazute si o rezistenta buna la bolile specifice vitei de vie. Este o alegere potrivita atat pentru plantatii viticole, cat si pentru gospodariile si gradinile familiale destinate vinificatiei.	https://pomifructiferionline.ro/produse/butasi-vita-de-vie-nohan-negru/	https://pomifructiferionline.ro/images/vita-de-vie/soiuri-de-vin/nohan-negru/nohan-negru-1.png	in_stock	12.00 RON	new	no
VV-VIN-017	Butasi vita de vie Traminer Roz	Vita de vie Traminer Roz este un soi valoros pentru vin alb aromatic, apreciat pentru strugurii sai de culoare roz-rosiatica, cu nuante aramii la maturitate, si pentru parfumul floral intens. Produce boabe mici spre medii, rotunde si suculente, cu gust dulce, intens aromat si bogat in zaharuri. Din acest soi se obtin vinuri elegante si expresive, cu note de trandafir, fructe exotice si condimente fine. Perioada de coacere este in lunile septembrie-octombrie. Planta prefera locurile insorite si solurile fertile, bine drenate. Prezinta o rezistenta buna la inghet si o rezistenta buna la boli. Soiul se remarca prin productivitate ridicata, recolte constante si adaptabilitate foarte buna la conditiile climatice din Romania. Este potrivit atat pentru podgorii comerciale, cat si pentru plantatii familiale destinate vinificatiei.	https://pomifructiferionline.ro/produse/butasi-vita-de-vie-traminer-roz/	https://pomifructiferionline.ro/images/vita-de-vie/soiuri-de-vin/traminer-roz/traminer-roz-1.png	in_stock	12.00 RON	new	no
PF-MAR-021	Mar Jonagold	Mar Jonagold este un soi foarte apreciat, obtinut prin incrucisarea soiurilor Jonathan si Golden Delicious. Pomul are vigoare medie spre mare, formeaza o coroana bine ramificata si ofera productii bogate si constante. Fructele sunt mari si foarte aspectuoase, cu pielita galben-verzuie acoperita in mare parte de rosu-portocaliu. Pulpa este galbuie, crocanta, suculenta si aromata, cu gust dulce-acrisor placut si echilibrat. Perioada de coacere este la sfarsitul lunii septembrie si inceputul lunii octombrie. Fructele au o capacitate foarte buna de pastrare in conditii corespunzatoare si sunt potrivite pentru consum in stare proaspata, sucuri, compoturi si diverse preparate.	https://pomifructiferionline.ro/produse/mar-jonagold/	https://pomifructiferionline.ro/images/pomi-fructiferi/mar/mar-jonagold/mar-jonagold-1.png	in_stock	19.00 RON	new	no
PF-MAR-022	Mar Williams Spur	Mar Williams Spur este un soi de mar cu fructe foarte atractive, apreciat in special pentru coloratia rosu intens si aspectul comercial deosebit. Pomul are o crestere de tip spur, fiind compact si productiv, cu fructificare predominant pe formatiuni scurte de rod. Fructele sunt medii spre mari, cu forma rotunjita si regulata, iar culoarea rosie intensa poate acoperi aproape in totalitate fructul la maturitate. Pulpa este ferma, crocanta si suculenta, cu un gust placut, dulce, echilibrat si aromat. Productivitatea este buna si constanta, iar perioada de coacere este toamna. Fructele au o capacitate buna de pastrare in conditii corespunzatoare.	https://pomifructiferionline.ro/produse/mar-williams-spur/	https://pomifructiferionline.ro/images/pomi-fructiferi/mar/mar-williams-spur/mar-williams-spur-1.png	in_stock	19.00 RON	new	no
PF-PAR-001	Par Packham's Triumph	Par Packham's Triumph este un soi foarte apreciat pentru fructele mari spre foarte mari si calitatea excelenta pentru consum in stare proaspata. Fructele au forma caracteristica de para, usor neregulata, sunt verzi la recoltare si devin galben-verzui la maturitate, putand prezenta o usoara nuanta rosiatica pe partea expusa la soare. Pulpa este alb-crem, fina, foarte suculenta si fondanta la maturitate, cu gust dulce, aromat, placut si echilibrat. Pomul este viguros, cu dezvoltare buna si fructificare abundenta. Productivitatea este ridicata si constanta in conditii bune de cultura. Recoltarea are loc in general in septembrie - inceputul lunii octombrie, in functie de zona si clima. Fructele au o capacitate buna de pastrare si pot fi pastrate o perioada indelungata in conditii frigorifice corespunzatoare.	https://pomifructiferionline.ro/produse/par-packhams-triumph/	https://pomifructiferionline.ro/images/pomi-fructiferi/par/par-packhams-triumph/par-packhams-triumph-1.png	in_stock	19.00 RON	new	no
PF-PRUN-001	Prun Stanley	Prun Stanley este un soi apreciat pentru vigoarea medie, sanatatea robusta si rezistenta excelenta la ger, fiind potrivit pentru diferite zone climatice. Pomul se adapteaza bine la conditii variate si ofera productii ridicate si constante, inclusiv in anii mai putin favorabili. Fructele au o greutate medie de aproximativ 38-40 g, culoare albastru-violet si sunt potrivite atat pentru consum in stare proaspata, cat si pentru diverse preparate. Pulpa este galbena, ferma, dulce si gustoasa, iar samburele se desprinde usor. Fructele ajung la maturitate in prima jumatate a lunii septembrie. Stanley este o alegere excelenta pentru gradini si livezi datorita productivitatii ridicate si rezistentei foarte bune la temperaturi scazute.	https://pomifructiferionline.ro/produse/prun-stanley/	https://pomifructiferionline.ro/images/pomi-fructiferi/prun/prun-stanley/prun-stanley-1.png	in_stock	19.00 RON	new	no
PF-PAR-002	Par Carmen	Par Carmen este un soi de vara apreciat pentru fructele sale elegante, aspectuoase si foarte placute la consum. Fructele sunt mijlocii spre mari, alungite, cu forma piriforma eleganta. La maturitate au un fond galben-verzui acoperit pe o mare parte din suprafata de rosu intens pana la rosu-visiniu. Pulpa este alb-crem, fina, frageda si suculenta, cu gust dulce, aromat, echilibrat si foarte placut. Pomul are vigoare buna si fructificare constanta in conditii corespunzatoare. Productivitatea este buna, iar fructele se remarca prin aspect si calibru. Perioada de coacere este vara, in general in luna august. Soiul este excelent pentru consum in stare proaspata.	https://pomifructiferionline.ro/produse/par-carmen/	https://pomifructiferionline.ro/images/pomi-fructiferi/par/par-carmen/par-carmen-1.png	in_stock	19.00 RON	new	no
PF-PAR-003	Par Honey	Par Honey este un soi apreciat pentru fructele sale mari, atractive si foarte placute la consum. Fructele au forma piriforma regulata si capata la maturitate o culoare galben intens pana la galben-auriu, fara coloratie rosiatica pronuntata. Pulpa este deschisa la culoare, fina, frageda si foarte suculenta. Gustul este predominant dulce, placut si aromat, cu note ce amintesc de miere. Pomul este viguros, are o dezvoltare buna si fructificare regulata. Productivitatea este buna, cu fructe uniforme si aspect comercial atractiv. Soiul este recomandat in special pentru consum in stare proaspata.	https://pomifructiferionline.ro/produse/par-honey/	https://pomifructiferionline.ro/images/pomi-fructiferi/par/par-honey/par-honey-1.png	in_stock	19.00 RON	new	no
PF-PAR-004	Par Kirghiza	Par Kirghiza este un soi apreciat pentru fructele sale mari, aspectuoase si frumos colorate. Fructele au forma piriforma regulata si usor alungita, cu fond galben-verzui acoperit partial de un rosu-roz intens si numeroase puncte fine pe coaja. Pulpa este deschisa la culoare, fina, suculenta si placuta, cu gust dulce, aromat si bine echilibrat intre zahar si aciditate. Pomul este viguros, are o dezvoltare buna si o capacitate ridicata de fructificare. Productivitatea este buna si constanta in conditii corespunzatoare de cultura. Maturarea are loc toamna, iar fructele au o capacitate buna de pastrare dupa recoltare. Soiul este recomandat in special pentru consum in stare proaspata.	https://pomifructiferionline.ro/produse/par-kirghiza/	https://pomifructiferionline.ro/images/pomi-fructiferi/par/par-kirghiza/par-kirghiza-1.png	in_stock	19.00 RON	new	no
PF-PRUN-003	Prun Angeleno	Prun Angeleno este un soi japonez de vigoare mijlocie, cu o coroana larga si productivitate buna si constanta. Fructele sunt mari, rotunde spre usor turtite, cu pielita rosu-violacee care devine foarte inchisa la maturitate. Pulpa este galbena, ferma, consistenta si moderat suculenta, fiind neaderenta la sambure. Pomul incepe sa fructifice dupa aproximativ 2-3 ani de la plantare. Recoltarea are loc de la sfarsitul lunii august pana in septembrie. Un avantaj important al soiului Angeleno este capacitatea foarte buna de pastrare dupa recoltare, ceea ce il face potrivit atat pentru gradini si livezi familiale, cat si pentru productii comerciale.	https://pomifructiferionline.ro/produse/prun-angeleno/	https://pomifructiferionline.ro/images/pomi-fructiferi/prun/prun-angeleno/prun-angeleno-1.png	in_stock	19.00 RON	new	no
PF-PAR-006	Par Ina Estival	Par Ina Estival este un soi de vara care se remarca prin fructele foarte mari, voluminoase si aspectuoase. Fructele au forma piriforma scurta, lata si rotunjita, cu o culoare verde-galbuie care devine mai galbena pe masura ce ajung la maturitate. Pulpa este deschisa la culoare, fina, frageda si foarte suculenta, iar gustul este dulce, placut si aromat. Pomul este viguros, cu dezvoltare buna si capacitate buna de fructificare. Productivitatea este buna, soiul fiind apreciat mai ales pentru calibrul impresionant al fructelor. Maturarea are loc in perioada de vara. Fructele sunt excelente pentru consum in stare proaspata.	https://pomifructiferionline.ro/produse/par-ina-estival/	https://pomifructiferionline.ro/images/pomi-fructiferi/par/par-ina-estival/par-ina-estival-1.png	in_stock	19.00 RON	new	no
PF-PAR-007	Par Kieffer	Par Kieffer este un soi foarte cunoscut pentru productivitatea ridicata, rusticitate si adaptabilitatea buna la diferite conditii de cultura. Fructele sunt mari spre foarte mari, cu forma piriforma usor rotunjita. Coaja este verde-galbuie si devine galben-aurie la maturitate, frecvent cu puncte ruginii si uneori cu o usoara nuanta rosiatica pe partea expusa la soare. Pulpa este alb-galbuie, ferma, crocanta si suculenta. Gustul este dulce-acrisor, placut si echilibrat, cu aroma moderata. Pomul este viguros si rustic, bine adaptabil la diferite conditii de cultura. Productivitatea este foarte ridicata si constanta. Recoltarea are loc in general in perioada septembrie-octombrie, in functie de zona. Fructele au o capacitate buna de pastrare si sunt potrivite pentru consum proaspat, compoturi, conserve si alte preparate.	https://pomifructiferionline.ro/produse/par-kieffer/	https://pomifructiferionline.ro/images/pomi-fructiferi/par/par-kieffer/par-kieffer-1.png	in_stock	19.00 RON	new	no
PF-PRUN-004	Prun Record	Prun Record este un soi de origine europeana, apreciat pentru vigoarea buna, productivitatea ridicata si calitatea fructelor. Pomul formeaza o coroana conica inversata, cu ramuri solide si rezistente. Infloreste tarziu, ceea ce poate reduce riscul afectarii florilor de ingheturile tarzii. Soiul este auto-steril si necesita prezenta altor soiuri de prun compatibile pentru polenizare. Fructele sunt foarte mari, cu o greutate de aproximativ 50-80 g, au culoare mov inchis si o pruina specifica. Pulpa este galben-verzuie, suculenta, aromata si foarte placuta la gust. Productivitatea poate ajunge la aproximativ 30-50 kg pe pom in conditii bune de cultura. Perioada de coacere este septembrie-octombrie. Fructele sunt excelente pentru consum proaspat, gemuri, compoturi si diverse bauturi.	https://pomifructiferionline.ro/produse/prun-record/	https://pomifructiferionline.ro/images/pomi-fructiferi/prun/prun-record/prun-record-1.png	in_stock	19.00 RON	new	no
PF-PRUN-005	Prun Centenar	Prun Centenar este unul dintre cele mai apreciate soiuri de prun create in Romania. Pomul are vigoare mijlocie si se remarca prin productivitate ridicata si constanta. Fructele sunt mari, cu o greutate de aproximativ 45-55 g, aspectuoase si colorate intr-un albastru intens pana la albastru-violaceu. Gustul este foarte placut, dulce-acrisor si bine echilibrat. Soiul prezinta o buna toleranta la ger si la principalele boli specifice prunului, inclusiv Monilia. Centenar este autofertil, putandu-se poleniza singur, insa poate obtine rezultate si mai bune in apropierea unor soiuri precum Stanley sau Anna Spath. Fructele sunt potrivite atat pentru consum proaspat, cat si pentru gemuri, compoturi sau distilate.	https://pomifructiferionline.ro/produse/prun-centenar/	https://pomifructiferionline.ro/images/pomi-fructiferi/prun/prun-centenar/prun-centenar-1.png	in_stock	19.00 RON	new	no
PF-PRUN-006	Prun Caceanska Lepotica	Prun Caceanska Lepotica este un soi apreciat pentru rodirea rapida, productivitatea buna si fructele mari si gustoase. Pomul are o dezvoltare echilibrata si poate produce primele fructe chiar din anul urmator plantarii, in conditii favorabile. Fructele sunt mari, cu o greutate de aproximativ 30-45 g, au forma ovala si culoare mov-albastruie, acoperita de pruina specifica. Pulpa este galbena, suculenta si placuta, iar gustul este dulce-acrisor si echilibrat. Soiul suporta temperaturi scazute de pana la aproximativ -25°C si este partial autofertil, obtinand insa rezultate mai bune atunci cand exista si alte soiuri de prun in apropiere. Recoltarea are loc la sfarsitul lunii iulie si inceputul lunii august. Fructele sunt excelente pentru consum proaspat, dar si pentru gemuri, compoturi si alte preparate.	https://pomifructiferionline.ro/produse/prun-caceanska-lepotica/	https://pomifructiferionline.ro/images/pomi-fructiferi/prun/prun-caceanska-lepotica/prun-caceanska-lepotica-1.png	in_stock	19.00 RON	new	no
PF-PRUN-007	Prun Caceanska Rodna	Prun Caceanska Rodna este un soi de origine sarbeasca, apreciat pentru vigoarea buna, adaptabilitate si productivitatea ridicata. Fructele sunt mari, cu o greutate de aproximativ 40-70 g, au culoare mov-albastruie si sunt acoperite de pruina specifica. Pulpa este galbena, ferma, suculenta, dulce si aromata. Pomul se adapteaza bine la diferite conditii de cultura si este potrivit atat pentru gradini familiale, cat si pentru livezi comerciale. Productivitatea poate ajunge la aproximativ 30-50 kg pe pom in conditii bune de cultura. Perioada de coacere este in luna septembrie. Fructele sunt excelente pentru consum proaspat, gemuri, compoturi si alte preparate.	https://pomifructiferionline.ro/produse/prun-caceanska-rodna/	https://pomifructiferionline.ro/images/pomi-fructiferi/prun/prun-caceanska-rodna/prun-caceanska-rodna-1.png	in_stock	19.00 RON	new	no
PF-PRUN-008	Prun Top Hit	Prun Top Hit este un soi apreciat pentru fructele mari, aspectuoase si de calitate superioara. Fructele au o greutate de aproximativ 50-80 g, culoare mov-albastruie cu pruina specifica si pulpa galbena, ferma si suculenta. Gustul este placut, aromat si intens. Pomul este viguros, adaptabil la conditii climatice variate si potrivit atat pentru gradini familiale, cat si pentru plantatii comerciale. Productivitatea poate ajunge la aproximativ 40-60 kg pe pom in conditii bune de cultura. Perioada de coacere este august-septembrie. Fructele sunt excelente pentru consum proaspat, conserve, dulceturi si alte preparate.	https://pomifructiferionline.ro/produse/prun-top-hit/	https://pomifructiferionline.ro/images/pomi-fructiferi/prun/prun-top-hit/prun-top-hit-1.png	in_stock	19.00 RON	new	no
PF-PRUN-009	Prun Top Five	Prun Top Five este un soi apreciat pentru rodirea timpurie, fructele mari si gustoase si adaptabilitatea buna la diferite conditii de cultura. Fructele sunt mari, cu o culoare mov-albastruie si pruina specifica, iar pulpa este galbena, zemoasa si aromata, cu gust dulce si placut. Pomul are o dezvoltare buna si poate intra relativ repede pe rod, oferind productii constante si abundente. Soiul prezinta rezistenta buna la temperaturi scazute si sensibilitate redusa la micoze, fiind potrivit inclusiv pentru gradini cu intretinere mai usoara. Recoltarea are loc in luna august. Fructele sunt excelente pentru consum proaspat, prajituri, gemuri, compoturi si alte preparate.	https://pomifructiferionline.ro/produse/prun-top-five/	https://pomifructiferionline.ro/images/pomi-fructiferi/prun/prun-top-five/prun-top-five-1.png	in_stock	19.00 RON	new	no
PF-PRUN-010	Prun Top First	Prun Top First este un soi foarte timpuriu, autofertil si foarte productiv, potrivit pentru gradini si livezi. Fructele sunt de marime medie, cu o greutate de aproximativ 35-40 g, forma ovoidala si culoare albastra, fiind acoperite de o pruina groasa. Pulpa este galben-portocalie, suculenta si gustoasa, iar samburele se desprinde usor de pulpa. Fructele ajung la maturitate foarte devreme, in general la inceputul sau mijlocul lunii iulie. Soiul este rezistent la boli si daunatori si poate fi o alegere buna pentru culturi organice sau ecologice. Fiind autofertil, poate produce fructe fara necesitatea unui alt soi polenizator.	https://pomifructiferionline.ro/produse/prun-top-first/	https://pomifructiferionline.ro/images/pomi-fructiferi/prun/prun-top-first/prun-top-first-1.png	in_stock	19.00 RON	new	no
PF-PRUN-011	Prun Topend Plus	Prun Topend Plus este un soi tarziu de calitate superioara, cu vigoare medie, rodire timpurie si constanta si perioada lunga de recoltare si pastrare. Fructele sunt mari, de aproximativ 65 g, alungite, cu lungimea de aproximativ 60-70 mm. Pulpa este galben deschisa, ferma, suculenta si neaderenta la sambure, iar aroma este foarte placuta. Fructele nu sunt sensibile la crapare si sunt recomandate in special pentru consum in stare proaspata. Soiul este autofertil, are o perioada de inflorire medie-timpurie, iar florile prezinta o buna rezistenta la inghet. Topend Plus este rezistent la boli si daunatori, inclusiv la virusul Plum Pox. Recoltarea are loc in perioada septembrie-octombrie, iar fructele se preteaza si pentru compoturi, dulceturi, gemuri, sucuri si alte preparate.	https://pomifructiferionline.ro/produse/prun-topend-plus/	https://pomifructiferionline.ro/images/pomi-fructiferi/prun/prun-topend-plus/prun-topend-plus-1.png	in_stock	19.00 RON	new	no
PF-PAR-008	Par Haydeea	Par Haydeea este un soi de par apreciat pentru fructele mari, aspectuoase si frumos colorate. Fructele sunt mari, alungite, cu forma piriforma eleganta. La maturitate, coaja este galben-verzuie, cu obraji rosiatici pe partea expusa la soare. Pulpa este deschisa la culoare, fina, suculenta si placuta la consum, iar gustul este dulce, aromat si echilibrat. Pomul este viguros, cu dezvoltare buna si fructificare regulata. Productivitatea este buna, cu fructe de calibru mare si aspect comercial atractiv. Este un soi de toamna, recomandat in special pentru consum in stare proaspata.	https://pomifructiferionline.ro/produse/par-haydeea/	https://pomifructiferionline.ro/images/pomi-fructiferi/par/par-haydeea/par-haydeea-1.png	in_stock	19.00 RON	new	no
PF-PRUN-012	Prun Renclod Althan	Prun Renclod Althan este un soi robust si productiv, potrivit pentru gradini si livezi. Fructele sunt mari, de aproximativ 50 g, sferice si foarte aspectuoase, cu o culoare rosu-violacee pana la mov si pruina specifica. Pulpa este semicărnoasa, suculenta, gustoasa si neaderenta la sambure, ceea ce faciliteaza consumul si prepararea fructelor. Pomul este viguros, cu fructificare regulata si randament bun. Soiul se remarca prin rezistenta ridicata la temperaturi scazute, suportand pana la aproximativ -25°C. Pentru o productie buna se polenizeaza eficient alaturi de alte soiuri de prun. Fructele sunt excelente pentru consum proaspat, compoturi, dulceturi, gemuri, sucuri si alte preparate culinare.	https://pomifructiferionline.ro/produse/prun-renclod-althan/	https://pomifructiferionline.ro/images/pomi-fructiferi/prun/prun-renclod-althan/prun-renclod-althan-1.png	in_stock	19.00 RON	new	no
PF-PRUN-013	Prun Grand Prix	Prun Grand Prix este un soi apreciat pentru fructele sale mari, aspectuoase si gustoase, potrivit atat pentru gradini familiale, cat si pentru livezi. Fructele au coaja negru-violet pana la violet foarte inchis si un aspect comercial foarte atractiv. Pulpa este aurie, suculenta, aromata si placuta la gust. Pomul este bine dezvoltat, adaptabil si capabil sa ofere productii ridicate si constante in conditii bune de cultura. Soiul prezinta rezistenta buna la boli si se adapteaza cu succes in diferite zone climatice. Fructele sunt excelente pentru consum in stare proaspata, dar si pentru compoturi, gemuri, dulceturi, prune uscate si alte preparate culinare.	https://pomifructiferionline.ro/produse/prun-grand-prix/	https://pomifructiferionline.ro/images/pomi-fructiferi/prun/prun-grand-prix/prun-grand-prix-1.png	in_stock	19.00 RON	new	no
PF-PRUN-014	Prun Muscat de Debrecen	Prun Muscat de Debrecen este un soi deosebit, apreciat in special pentru aroma sa puternica si distincta de muscat. Fructele sunt medii spre mari, cu pielita albastru-inchisa, acoperita de pruina specifica. Pulpa este galben-aurie, ferma, suculenta si neaderenta la sambure, iar gustul este dulce-acrisor, placut si foarte aromat. Pomul are vigoare mijlocie, formeaza o coroana deasa si se remarca prin productivitate ridicata. Perioada de coacere este la sfarsitul verii si in prima parte a lunii septembrie. Fructele sunt excelente pentru consum in stare proaspata, dar pot fi utilizate si pentru compoturi, gemuri, dulceturi, prune uscate si alte preparate.	https://pomifructiferionline.ro/produse/prun-muscat-de-debrecen/	https://pomifructiferionline.ro/images/pomi-fructiferi/prun/prun-muscat-de-debrecen/prun-muscat-de-debrecen-1.png	in_stock	19.00 RON	new	no
PF-PAR-009	Par Jubileu 50	Par Jubileu 50 este un soi de par apreciat pentru fructele mari, aspectuoase si calitatile gustative bune. Fructele au forma piriforma si un aspect comercial atractiv. La maturitate, coaja este galben-verzuie si poate prezenta o nuanta rosiatica pe partea expusa la soare. Pulpa este alb-galbuie, fina, suculenta si placut aromata, iar gustul este dulce, echilibrat si aromat. Pomul este viguros, cu dezvoltare buna si fructificare regulata. Productivitatea este buna, cu fructe de calibru mare. Este un soi de toamna, potrivit atat pentru consum in stare proaspata, cat si pentru compoturi, dulceturi, prajituri si alte preparate.	https://pomifructiferionline.ro/produse/par-jubileu-50/	https://pomifructiferionline.ro/images/pomi-fructiferi/par/par-jubileu-50/par-jubileu-50-1.png	in_stock	19.00 RON	new	no
PF-PRUN-015	Prun Jojo	Prun Jojo este un soi de prun apreciat pentru fructele sale mari, gustoase si aromate, potrivit atat pentru gradini familiale, cat si pentru livezi. Fructele au o greutate de aproximativ 50-100 g, culoare albastru-violet si sunt acoperite de pruina specifica. Pulpa este ferma, suculenta, dulce si aromata, fiind potrivita pentru consum proaspat si diferite preparate. Pomul are o forma relativ compacta, ceea ce il face potrivit inclusiv pentru gradini mici si medii. Soiul se adapteaza bine la diferite conditii climatice si prezinta o buna toleranta la boli. Productivitatea poate ajunge la aproximativ 30-50 kg pe pom, iar perioada de coacere este august-septembrie.	https://pomifructiferionline.ro/produse/prun-jojo/	https://pomifructiferionline.ro/images/pomi-fructiferi/prun/prun-jojo/prun-jojo-1.png	in_stock	19.00 RON	new	no
PF-PRUN-016	Prun Silvia	Prun Silvia este un soi de calitate superioara, potrivit pentru gradini si livezi. Fructele au o greutate de aproximativ 40-70 g, culoare albastru-violet si sunt acoperite de pruina specifica. Pulpa este ferma, dulce, suculenta si aromata, fiind excelenta pentru consum in stare proaspata si pentru diferite preparate de sezon. Pomul are o dezvoltare buna, fructificare constanta si este potrivit pentru gradini de dimensiuni medii. Soiul prezinta rezistenta buna la bolile comune ale prunului si se adapteaza bine la diferite conditii climatice. Productivitatea poate ajunge la aproximativ 30-50 kg pe pom, iar perioada de coacere este august-septembrie.	https://pomifructiferionline.ro/produse/prun-silvia/	https://pomifructiferionline.ro/images/pomi-fructiferi/prun/prun-silvia/prun-silvia-1.png	in_stock	19.00 RON	new	no
PF-PRUN-017	Prun Bluefree	Prun Bluefree este un soi originar din America de Nord, apreciat pentru intrarea rapida pe rod, productivitatea foarte ridicata si fructele mari si gustoase. Fructele au o greutate de aproximativ 50-70 g, forma cilindrica si culoare albastru-violet, fiind acoperite de pruina specifica. Pulpa este ferma, suculenta si placuta, cu gust dulce-acrisor. Pomul este viguros, cu coroana rara si aplatizata, dar poate fi integrat cu succes si in gradini de dimensiuni mai mici. Soiul este autofertil, insa productia poate fi imbunatatita prin polenizare cu soiul Stanley. Prezinta rezistenta buna la boli si daunatori si adaptabilitate buna la diferite conditii de cultura. Recoltarea are loc in perioada august-septembrie, iar productivitatea poate ajunge la aproximativ 40-60 kg pe pom.	https://pomifructiferionline.ro/produse/prun-bluefree/	https://pomifructiferionline.ro/images/pomi-fructiferi/prun/prun-bluefree/prun-bluefree-1.png	in_stock	19.00 RON	new	no
PF-PRUN-018	Prun Jofela	Prun Jofela este un soi creat in Germania prin incrucisarea soiurilor Jojo si Felsina, de catre Dr. Walter Hartmann. Pomul are o crestere mediu puternica si formeaza o coroana frumoasa si echilibrata. Inflorirea este mediu-timpurie, iar soiul este autofertil. Fructele au o greutate medie de aproximativ 35-40 g, cu aspect atractiv si culoare albastru-violet, acoperita de pruina specifica. Pulpa este galben-aurie, ferma si aromata, cu gust placut. Perioada de maturare este la sfarsitul lunii august si inceputul lunii septembrie. Jofela se remarca prin rezistenta foarte buna la virusul Plum Pox si toleranta buna la monilioza, fiind o alegere foarte buna pentru gradini si livezi.	https://pomifructiferionline.ro/produse/prun-jofela/	https://pomifructiferionline.ro/images/pomi-fructiferi/prun/prun-jofela/prun-jofela-1.png	in_stock	19.00 RON	new	no
PF-PRUN-019	Prun Sermina	Prun Sermina este un soi de prun cu vigoare mare, coroana bogata si productivitate ridicata. Fructele sunt mari, cu o greutate de aproximativ 40-55 g, au forma rotunda sau sferica si o culoare rosu-violacee, fiind acoperite de pruina specifica. Pulpa este verde-galbuie, zemoasa si placuta la gust, iar samburele se desprinde usor de pulpa. Soiul prezinta rezistenta foarte buna la ger si toleranta ridicata la bolile specifice prunului. Fructele se coc de obicei la sfarsitul lunii iulie, fiind potrivite pentru consum proaspat, compoturi, gemuri, dulceturi si alte preparate.	https://pomifructiferionline.ro/produse/prun-sermina/	https://pomifructiferionline.ro/images/pomi-fructiferi/prun/prun-sermina/prun-sermina-1.png	in_stock	19.00 RON	new	no
PF-PAR-010	Par Abatele Fetel	Par Abatele Fetel este un soi francez foarte apreciat pentru fructele sale mari, elegante si de calitate superioara. Fructele au forma piriforma alungita, caracteristica soiului, cu pielita galben-verzuie care poate capata nuante mai aurii la maturitate. Pulpa este fina, frageda, suculenta si aromata, iar gustul este dulce si placut. Pomul este viguros, bine dezvoltat si productiv, oferind recolte constante in conditii bune de cultura. Fructele rezista bine la transport si depozitare si pot fi pastrate o perioada indelungata in conditii corespunzatoare. Soiul este excelent pentru consum in stare proaspata, deserturi si diverse preparate culinare.	https://pomifructiferionline.ro/produse/par-abatele-fetel/	https://pomifructiferionline.ro/images/pomi-fructiferi/par/par-abatele-fetel/par-abatele-fetel-1.png	in_stock	19.00 RON	new	no
PF-PRUN-020	Prun Anna Spath	Prun Anna Spath este un soi valoros, omologat in anul 1860 in Germania si apreciat pentru productivitatea ridicata, rezistenta buna si calitatea fructelor. Pomul este viguros, formeaza o coroana rotunda si bine ramificata si se adapteaza bine la diferite conditii climatice. Fructele au o greutate de aproximativ 40-60 g, forma rotunda sau usor turtita si o pielita rosu-violet intensa, acoperita de pruina albicioasa. Pulpa este galbena, fina si suculenta, iar gustul este dulce-acrisor, echilibrat si aromat. Perioada de maturare este in luna iulie. Pentru o polenizare buna sunt recomandate soiuri precum Stanley, Victoria si Agen. Fructele sunt potrivite atat pentru consum proaspat, cat si pentru gemuri, compoturi, prune uscate si alte preparate.	https://pomifructiferionline.ro/produse/prun-anna-spath/	https://pomifructiferionline.ro/images/pomi-fructiferi/prun/prun-anna-spath/prun-anna-spath-1.png	in_stock	19.00 RON	new	no
PF-PRUN-021	Prun Empress	Prun Empress este un soi valoros, remarcat prin fructele sale foarte mari, cu o greutate de aproximativ 60 g. Fructele sunt rotunde, cu pielita rosu-violet care devine foarte inchisa, aproape neagra, la maturitate. Pulpa este galben-aurie, crocanta, ferma si foarte aromata, iar samburele se desprinde foarte usor. Soiul este partial autofertil, insa pentru o productivitate foarte ridicata sunt recomandati polenizatori precum Stanley si President. Perioada de recoltare este la inceputul lunii septembrie. Fructele au o capacitate buna de pastrare si, in conditii optime, pot fi depozitate pana la aproximativ 8 saptamani dupa recoltare. Sunt excelente pentru consum proaspat, dar si pentru compoturi, dulceturi, gemuri, sucuri si nectaruri.	https://pomifructiferionline.ro/produse/prun-empress/	https://pomifructiferionline.ro/images/pomi-fructiferi/prun/prun-empress/prun-empress-1.png	in_stock	19.00 RON	new	no
PF-PRUN-023	Prun Renclod Verde	Prun Renclod Verde este un soi vechi si valoros, apreciat pentru gustul exceptional de dulce si aroma intensa a fructelor. Fructele sunt mijlocii spre mari, cu o greutate de aproximativ 15-50 g, au forma rotunda si o pielita verde-albicioasa care poate deveni galbuie la maturitate deplina, fiind acoperita de pruina albicioasa. Pulpa este galben-verzuie, suculenta, carnoasa si foarte dulce, cu o aroma intensa si placuta. Pomul este viguros si formeaza o coroana bogata, globuloasa. Pentru o rodire bogata necesita prezenta altor soiuri de prun in apropiere, fiind recomandate soiuri precum Stanley sau Anna Spath. Recoltarea are loc la sfarsitul lunii august si inceputul lunii septembrie. Fructele sunt excelente pentru consum proaspat, compoturi, gemuri, dulceturi si alte preparate.	https://pomifructiferionline.ro/produse/prun-renclod-verde/	https://pomifructiferionline.ro/images/pomi-fructiferi/prun/prun-renclod-verde/prun-renclod-verde-1.png	in_stock	19.00 RON	new	no
PF-PRUN-024	Prun Tipala	Prun Tipala este un soi german creat la Universitatea din Hohenheim prin incrucisarea soiurilor Tiroler Zuckerzwetschge si Opal. Pomul are o crestere medie-puternica, dezvoltare buna si rezistenta buna, fiind tolerant la virusul Plum Pox. Fructele sunt mijlocii spre mari, cu o greutate de aproximativ 35-45 g, au forma elipsoidala si o pielita galben-aurie, cu o nuanta rozalie pe partea expusa la soare. Pulpa este galbena, suculenta, ferma si foarte dulce, iar samburele se desprinde usor. Perioada de coacere este la sfarsitul lunii iulie si inceputul lunii august. Soiul este partial autofertil, iar pentru o productie mai buna sunt recomandati polenizatori precum Haroma sau Cacanska. Fructele sunt excelente pentru consum proaspat, deserturi, gemuri si compoturi.	https://pomifructiferionline.ro/produse/prun-tipala/	https://pomifructiferionline.ro/images/pomi-fructiferi/prun/prun-tipala/prun-tipala-1.png	in_stock	19.00 RON	new	no
PF-PRUN-025	Prun D'Agen	Prun D'Agen este un soi originar din Franta, recunoscut international ca unul dintre cele mai valoroase soiuri pentru obtinerea prunelor uscate. Fructele sunt mici spre mijlocii, cu o greutate de aproximativ 20-40 g, au forma elipsoidala, usor asimetrica, si culoare rosu-violacee pana la albastru-inchis, fiind acoperite de pruina specifica. Pulpa este galben-verzuie, foarte suculenta, aromata si foarte dulce, fiind semiaderenta la sambure. Pomul are vigoare mijlocie si formeaza o coroana globuloasa si bogata. Soiul este autofertil si poate rodi bine fara prezenta obligatorie a unui alt soi polenizator. Prezinta rezistenta buna la ger, seceta si la principalele boli ale prunului. Recoltarea are loc de la sfarsitul lunii august si pe parcursul lunii septembrie. Fructele sunt excelente pentru uscare, consum proaspat, compoturi, gemuri si alte preparate.	https://pomifructiferionline.ro/produse/prun-dagen/	https://pomifructiferionline.ro/images/pomi-fructiferi/prun/prun-dagen/prun-dagen-1.png	in_stock	19.00 RON	new	no
PF-PRUN-026	Prun President	Prun President este un soi de prun cu vigoare medie, potrivit atat pentru gradini familiale, cat si pentru livezi. Fructele sunt mari, cu o greutate medie de aproximativ 55 g, au forma sferica alungita si pielita violet inchisa, acoperita de pruina specifica. Pulpa este verde-galbuie, carnoasa, ferma si suculenta, cu un gust dulce-acidulat pronuntat si placut, fiind neaderenta la sambure. Soiul este autosteril si necesita polenizatori compatibili pentru o fructificare buna, fiind recomandate soiuri precum Sermina, Bluefree si Muscat de Debrecen. Productivitatea este foarte ridicata si poate ajunge in conditii bune pana la aproximativ 70 kg pe pom. Pomul poate atinge aproximativ 2-3 m inaltime si este potrivit inclusiv pentru gradini de dimensiuni mai mici. Perioada de recoltare este din a doua jumatate a lunii august pana la inceputul lunii septembrie. Soiul prezinta rezistenta foarte buna la temperaturi scazute, pana la aproximativ -28°C. Fructele sunt potrivite pentru consum proaspat, tuica, dulceata, gemuri, compoturi si alte conserve.	https://pomifructiferionline.ro/produse/prun-president/	https://pomifructiferionline.ro/images/pomi-fructiferi/prun/prun-president/prun-president-1.png	in_stock	19.00 RON	new	no
PF-PRUN-027	Prun Vanat de Italia	Prun Vanat de Italia este un soi valoros, cu pom de vigoare mijlocie, care fructifica predominant pe ramuri mijlocii. Soiul este autofertil, rezistent la boli si seceta si ofera productii bune si constante. Fructele sunt mari, scurt ovoide si bombate pe o parte. Pielita este groasa, de culoare vanat-inchis, acoperita cu o pruina albastruie persistenta. Pulpa este galbena, suculenta, dulce-acrisoara si intens aromata. Fructele prezinta rezistenta buna la caderea din pom si la transport. Maturarea are loc in a doua jumatate a lunii septembrie. Fructele sunt excelente pentru consum in stare proaspata, dar si pentru prelucrare sub forma de compot, gem si alte produse. Portaltoiul specificat pentru acest produs este mirobolan.	https://pomifructiferionline.ro/produse/prun-vanat-de-italia/	https://pomifructiferionline.ro/images/pomi-fructiferi/prun/prun-vanat-de-italia/prun-vanat-de-italia-1.png	in_stock	19.00 RON	new	no
PF-PRUN-028	Prun Vanat Romanesc	Prun Vanat Romanesc este un soi traditional romanesc, frecvent intalnit in livezi si gospodarii datorita adaptabilitatii bune, rezistentei si intretinerii usoare. Pomul are vigoare mijlocie si formeaza o coroana echilibrata, fructificand predominant pe ramuri mijlocii. Fructele sunt mici spre mijlocii, cu forma eliptica si pielita albastra, acoperita de un strat fin de pruina. Pulpa este galben-verzuie, carnoasa, suculenta si dulce, iar samburele este neaderent. Soiul este autofertil si nu necesita polenizatori suplimentari pentru fructificare. Fructele se coc la inceputul lunii septembrie si sunt potrivite pentru consum imediat, transport si procesare, insa nu sunt recomandate pentru depozitare indelungata. Soiul prezinta rezistenta buna la boli si toleranta buna la conditii pedoclimatice variate. Se adapteaza bine in toate regiunile tarii, preferand soluri lutoase, fertile si bine drenate, cu pH intre 6.0 si 6.8. Fructele sunt excelente pentru consum proaspat, gemuri, dulceturi, compoturi si prune uscate.	https://pomifructiferionline.ro/produse/prun-vanat-romanesc/	https://pomifructiferionline.ro/images/pomi-fructiferi/prun/prun-vanat-romanesc/prun-vanat-romanesc-1.png	in_stock	19.00 RON	new	no
PF-PRUN-029	Prun Bistrita	Prun Bistrita este un soi romanesc consacrat, foarte apreciat pentru gustul autentic al fructelor, productivitatea constanta si adaptabilitatea excelenta la diferite conditii climatice. Pomul este viguros, rustic si potrivit atat pentru livezi comerciale, cat si pentru gradini familiale. Fructele sunt medii spre mari, au forma ovala si pielita albastru-violet, devenind mai inchisa la maturitate. Pulpa este galben-aurie, dulce, suculenta si aromata, iar samburele se desprinde usor. Soiul este partial autofertil, iar pentru o productie mai ridicata sunt recomandati polenizatori precum Stanley sau Tuleu Gras. Inflorirea are loc in luna aprilie, iar recoltarea se face la sfarsitul lunii august si inceputul lunii septembrie. Prezinta rezistenta foarte buna la boli, seceta si temperaturi scazute. Fructele sunt excelente pentru consum proaspat, gemuri, compoturi, siropuri, prune uscate si distilate traditionale.	https://pomifructiferionline.ro/produse/prun-bistrita/	https://pomifructiferionline.ro/images/pomi-fructiferi/prun/prun-bistrita/prun-bistrita-1.png	in_stock	19.00 RON	new	no
PF-PRUN-030	Prun Honey	Prun Honey este un soi de prun apreciat pentru fructele sale foarte dulci, aromate si suculente, cu gust intens, asemanator mierii. Fructele au o greutate de aproximativ 30-50 g, pielita galben-aurie si coaja relativ groasa, ceea ce le confera o buna rezistenta la transport si depozitare. Soiul este autofertil si nu necesita polenizatori suplimentari pentru fructificare. Pomul are o dezvoltare buna, cu inaltime la maturitate de aproximativ 2-3 m, si poate oferi productii ridicate, de pana la aproximativ 50 kg pe pom in conditii favorabile. Perioada de coacere este iulie-august. Prezinta rezistenta ridicata la boli si daunatori si suporta temperaturi scazute de pana la aproximativ -29°C. Fructele sunt potrivite pentru consum proaspat, conservare si preparare termica in diferite retete.	https://pomifructiferionline.ro/produse/prun-honey/	https://pomifructiferionline.ro/images/pomi-fructiferi/prun/prun-honey/prun-honey-1.png	in_stock	19.00 RON	new	no
PF-PRUN-032	Prun Black Fortune	Prun Black Fortune este un soi de origine americana, apreciat pentru fructele sale mari, gustoase si aspectuoase. Fructele au o greutate medie de aproximativ 50-70 g, forma rotunda si pielita negru-violet la maturitate. Pulpa este aurie, suculenta si aromata, cu gust dulce-acrisor bine echilibrat. Pomul are vigoare medie si formeaza o coroana compacta, fiind potrivit atat pentru livezi comerciale, cat si pentru gradini familiale. Soiul este cunoscut pentru productivitatea ridicata, rezistenta buna la boli si adaptabilitatea excelenta la diferite conditii climatice. Perioada de coacere este timpurie spre mijlocie, fructele fiind recoltate de obicei la sfarsitul lunii iulie si inceputul lunii august. Fructele sunt excelente pentru consum proaspat, dar si pentru gemuri, compoturi, deserturi si alte preparate.	https://pomifructiferionline.ro/produse/prun-black-fortune/	https://pomifructiferionline.ro/images/pomi-fructiferi/prun/prun-black-fortune/prun-black-fortune-1.png	in_stock	19.00 RON	new	no
PF-PRUN-033	Prun Black Diamond	Prun Black Diamond este un soi de prun originar din California, apreciat pentru fructele sale mari, aspectuoase si deosebit de atractive. Pomul are vigoare mare si formeaza o coroana globuloasa, relativ rara. Fructele sunt mari, cu o greutate de aproximativ 70-75 g, aproape sferice si usor turtite. Pielita este rosu-inchisa pana la violacee, acoperita de pruina specifica. Pulpa este rosie, ferma si suculenta, cu gust placut dulce-acrisor, fiind aderenta la sambure. Pomul incepe sa fructifice de regula dupa aproximativ 2-3 ani de la plantare. Perioada de recoltare este in luna august. Fructele sunt excelente pentru consum in stare proaspata si pot fi utilizate si pentru gemuri, compoturi, deserturi si alte preparate.	https://pomifructiferionline.ro/produse/prun-black-diamond/	https://pomifructiferionline.ro/images/pomi-fructiferi/prun/prun-black-diamond/prun-black-diamond-1.png	in_stock	19.00 RON	new	no
PF-PRUN-034	Prun Black Spender	Prun Black Spender este un soi de prun cu fructe foarte mari, aspectuoase si gustoase. Fructele au o greutate de aproximativ 80-100 g, culoare violet inchisa si pulpa rosie, carnoasa, suculenta si dulce, cu aroma placuta. Pomul formeaza o coroana bogata, cu ramuri dese, si poate ajunge la aproximativ 2,5 m inaltime la maturitate, ceea ce il face usor de intretinut si recoltat. Productivitatea este foarte ridicata, de aproximativ 50-60 kg pe pom in conditii bune de cultura. Perioada de coacere este in luna august, cu maturare optima in jurul datei de 20 august. Soiul prezinta rezistenta foarte buna la temperaturi scazute, pana la aproximativ -28°C. Fructele sunt excelente pentru consum proaspat si pentru prepararea dulceturilor, gemurilor, compoturilor si altor deserturi.	https://pomifructiferionline.ro/produse/prun-black-spender/	https://pomifructiferionline.ro/images/pomi-fructiferi/prun/prun-black-spender/prun-black-spender-1.png	in_stock	19.00 RON	new	no
PF-PRUN-035	Prun Nefset	Prun Nefset este un soi de prun introdus relativ recent pe piata din Romania, apreciat atat in livezile comerciale, cat si in gradinile familiale pentru productivitate si calitatea fructelor. Fructele au forma oval-alungita si pielita violet-inchisa spre neagra, acoperita de un strat intens de pruina naturala. Pulpa este ferma, suculenta si foarte dulce, iar samburele se desprinde usor la maturitate. Pomul are vigoare medie si formeaza o coroana aerisita, fiind usor de intretinut prin taieri periodice. Soiul prezinta o buna autofertilitate si poate produce fructe si fara alti polenizatori, insa productivitatea poate creste atunci cand este cultivat alaturi de soiuri cu inflorire simultana precum Stanley, President sau Cacanska Lepotica. Fructele sunt excelente pentru consum in stare proaspata, dar pot fi utilizate si pentru gemuri, compoturi, dulceturi si alte preparate.	https://pomifructiferionline.ro/produse/prun-nefset/	https://pomifructiferionline.ro/images/pomi-fructiferi/prun/prun-nefset/prun-nefset-1.png	in_stock	19.00 RON	new	no
PF-PRUN-036	Prun Tuleu Gras	Prun Tuleu Gras este un soi romanesc vechi si valoros, considerat adesea regele prunelor romanesti si folosit ca baza genetica pentru numeroase soiuri moderne create in Romania. Pomul are vigoare mijlocie si formeaza o coroana globuloasa, relativ rara. Productivitatea este mare si constanta, insa pomul intra pe rod mai tarziu, de regula in anul 5-6, fructificand predominant pe buchete de mai. Fructele sunt medii, cu o greutate de aproximativ 30-40 g, forma elipsoidala si culoare albastru-inchis spre violet, fiind acoperite de o pruina albastruie foarte densa. Pulpa este galben-verzuie, crocanta, foarte suculenta si neaderenta la sambure, cu gust foarte dulce, armonios si aromat. Soiul este androsteril si necesita obligatoriu polenizatori precum Stanley, Anna Spath sau Rivers Timpuriu. Este sensibil la gerurile puternice si foarte sensibil la virusul Plum Pox si la monilioza. Fructele se recolteaza de obicei intre 20 si 30 august si au rezistenta buna la transport. Sunt excelente pentru consum proaspat si pentru procesare sub forma de compot, gem, nectar si suc.	https://pomifructiferionline.ro/produse/prun-tuleu-gras/	https://pomifructiferionline.ro/images/pomi-fructiferi/prun/prun-tuleu-gras/prun-tuleu-gras-1.png	in_stock	19.00 RON	new	no
PF-PRUN-037	Prun Jamaica	Prun Jamaica este un soi de prun apreciat pentru productivitatea ridicata, fructele mari si gustoase si rezistenta foarte buna la conditii climatice dificile. Pomul are vigoare medie si poate ajunge la aproximativ 2,5 m inaltime la maturitate, fiind usor de intretinut si potrivit inclusiv pentru gradini de dimensiuni mai mici. Fructele sunt mari, cu o greutate de aproximativ 60-80 g, au culoare rosie intensa si gust dulce, suculent si aromat. Productivitatea poate ajunge in conditii bune de cultura la aproximativ 50-55 kg de fructe pe pom. Soiul are coacere timpurie, fructele ajungand la maturitate in luna iulie. Prezinta rezistenta foarte buna la inghet, pana la aproximativ -29°C, precum si rezistenta buna la boli. Fructele sunt excelente pentru consum proaspat si pot fi utilizate si pentru gemuri, dulceturi, compoturi si alte preparate.	https://pomifructiferionline.ro/produse/prun-jamaica/	https://pomifructiferionline.ro/images/pomi-fructiferi/prun/prun-jamaica/prun-jamaica-1.png	in_stock	19.00 RON	new	no
PF-PRUN-038	Prun Andreea	Prun Andreea este un pom fructifer viguros si productiv, potrivit pentru gradini si livezi. Produce fructe mari, cu greutatea de aproximativ 40-70 g, dulci, suculente si aromate, excelente pentru consum proaspat si pentru preparate culinare. Perioada de coacere este august-septembrie, iar productivitatea poate ajunge la aproximativ 30-50 kg de fructe pe pom. Soiul este autofertil, putand produce fructe si atunci cand este plantat solitar. Este apreciat pentru adaptabilitate si rezistenta buna la boli si daunatori. Preferă locurile insorite si solurile fertile, bine drenate, cu pH cuprins intre 6 si 7.	https://pomifructiferionline.ro/produse/prun-andreea/	https://pomifructiferionline.ro/images/pomi-fructiferi/prun/prun-andreea/prun-andreea-1.png	in_stock	19.00 RON	new	no
PF-PRUN-039	Prun Pescăruș	Prun Pescăruș este un soi romanesc de prun creat la ICDP Pitesti-Maracineni, apreciat pentru productivitatea ridicata si calitatea fructelor. Pomul are vigoare mijlocie si formeaza o coroana conic-rasturnata sau globuloasa, usor de intretinut. Fructele sunt supramijlocii, cu greutatea de aproximativ 25-45 g, forma ovoidala usor aplatizata si pielita violet-inchis spre negru, acoperita cu pruina cenusie. Pulpa este galben-verzuie, suculenta, cu gust dulce-acrisor si neaderenta la sambure. Soiul este partial autofertil sau autosteril, fiind recomandata plantarea alaturi de polenizatori precum Stanley sau Renclod Althan pentru o productie buna. Prezinta rezistenta buna la ger, seceta si boli. Fructele ajung la maturitate in a doua jumatate a lunii august.	https://pomifructiferionline.ro/produse/prun-pescarus/	https://pomifructiferionline.ro/images/pomi-fructiferi/prun/prun-pescarus/prun-pescarus-1.png	in_stock	19.00 RON	new	no
PF-PRUN-040	Prun Victoria	Prun Victoria este un soi britanic foarte popular, apreciat pentru productivitatea ridicata si constanta si pentru calitatea fructelor. Fructele sunt mari, cu o greutate de aproximativ 40-50 g, au culoare rosu-violacee sau mov-roscata si pulpa galbena, ferma si suculenta. Gustul este dulce-acrisor, placut si echilibrat. Soiul este autofertil si poate rodi bine chiar si plantat singur, insa prezenta altor soiuri de prun in apropiere poate contribui la o recolta mai bogata. Productivitatea poate ajunge la aproximativ 40 kg de fructe pe pom in conditii bune de cultura. Perioada de coacere este la sfarsitul lunii august si pe parcursul lunii septembrie. Prezinta rezistenta buna la ger si la bolile specifice prunului. Fructele sunt excelente pentru consum proaspat, dar si pentru gemuri, compoturi, prune uscate si alte preparate.	https://pomifructiferionline.ro/produse/prun-victoria/	https://pomifructiferionline.ro/images/pomi-fructiferi/prun/prun-victoria/prun-victoria-1.png	in_stock	19.00 RON	new	no
PF-PRUN-041	Prun Elena	Prun Elena este un soi de prun de vigoare mijlocie, cu coroana invers piramidala, recomandat inclusiv pentru livezi intensive. Fructele sunt mijlocii spre mari, cu greutatea de aproximativ 38-42 g, au culoare albastru-violet si sunt acoperite cu pruina abundenta. Pulpa este galben-verzuie, cu fermitate mijlocie, suculenta si cu gust placut, aromat. Samburele este mic, iar pulpa nu adera la acesta. Soiul manifesta toleranta la Plum Pox pe fructe si rezistenta la patarea rosie a frunzelor si la ciuruirea micotica. Este androsteril si necesita polenizatori compatibili, fiind recomandate soiurile Anna Spath, Stanley si Renclod D'Althan. Perioada de maturare este in a doua decada a lunii septembrie. Portaltoiul utilizat este mirobolanul, iar pomii se livreaza la varsta de 2 ani.	https://pomifructiferionline.ro/produse/prun-elena/	https://pomifructiferionline.ro/images/pomi-fructiferi/prun/prun-elena/prun-elena-1.png	in_stock	19.00 RON	new	no
PF-PRUN-042	Prun Katinka	Prun Katinka este un soi originar din Germania, cunoscut pentru coacerea foarte timpurie si productivitatea ridicata. Fructele sunt de marime medie, au forma alungita si culoare rosu-inchis spre albastru-violet. Pulpa este galben-verzuie, ferma, suculenta si neaderenta la sambure, cu gust foarte bun, dulce si aromat, completat de o aciditate placuta. Pomul are vigoare medie, formeaza o coroana bogata si este usor de intretinut. Soiul este autofertil si poate rodi bine si plantat singur, fiind in acelasi timp un bun polenizator pentru alte soiuri de prun. Prezinta toleranta buna la Sharka, cunoscuta si ca virusul Plum Pox, si rezistenta buna la ingheturile tarzii de primavara datorita infloritului mediu-timpuriu. Recoltarea are loc foarte devreme, de la inceputul pana la mijlocul lunii iulie.	https://pomifructiferionline.ro/produse/prun-katinka/	https://pomifructiferionline.ro/images/pomi-fructiferi/prun/prun-katinka/prun-katinka-1.png	in_stock	19.00 RON	new	no
PF-PRUN-043	Prun Top Gigant	Prun Top Gigant este un soi modern de prun, apreciat in special pentru dimensiunea spectaculoasa a fructelor si aspectul comercial deosebit. Pomul are vigoare medie, formeaza o coroana bine structurata si aerisita si se adapteaza bine la diferite forme de taiere. Fructele sunt foarte mari, de aproximativ 80-100 g, au forma oval-alungita, regulata, si o pielita albastru-violacee intensa, acoperita de o pruina densa, albăstruie. Pulpa este galben-verzuie, foarte ferma, crocanta la inceput si devine suculenta la maturitate deplina. Gustul este dulce, echilibrat si placut aromat. Samburele este mic in raport cu dimensiunea fructului si este neaderent la pulpa. Soiul este autofertil, dar productivitatea poate creste in prezenta unor polenizatori precum Stanley sau Lepotica. Prezinta rezistenta buna la ger si la bolile comune ale samburoaselor. Recoltarea are loc spre sfarsitul lunii august si inceputul lunii septembrie. Fructele au rezistenta foarte buna la transport si depozitare si sunt potrivite pentru consum proaspat, sucuri, nectaruri si piureuri.	https://pomifructiferionline.ro/produse/prun-top-gigant/	https://pomifructiferionline.ro/images/pomi-fructiferi/prun/prun-top-gigant/prun-top-gigant-1.png	in_stock	19.00 RON	new	no
PF-CIRES-001	Cires Regina	Cires Regina este un soi tardiv, foarte apreciat pentru fructele sale mari si aspectuoase. Fructele au culoare rosu inchis, pulpa ferma, crocanta si foarte dulce, cu aroma placuta. Pomul are vigoare medie si formeaza o coroana echilibrata, fiind potrivit pentru gradini si livezi comerciale. Soiul prezinta rezistenta buna la boli si ger, iar fructele au o buna rezistenta la crapare si transport, ceea ce le face potrivite si pentru comercializare. Perioada de coacere este la sfarsitul lunii iunie si inceputul lunii iulie. Pentru o fructificare buna necesita polenizatori compatibili, precum Kordia sau Van. Fructele sunt excelente pentru consum proaspat si comercializare.	https://pomifructiferionline.ro/produse/cires-regina/	https://pomifructiferionline.ro/images/pomi-fructiferi/cires/cires-regina/cires-regina-1.png	in_stock	19.00 RON	new	no
PF-CIRES-002	Cires Pietros	Cires Pietros este o selectie valoroasa de cires, altoita pe Prunus mahaleb, care dezvolta o coroana de vigoare mijlocie si poate ajunge la aproximativ 3,5-4 m inaltime atunci cand este condusa in forma de vas. Soiul se remarca prin capacitatea foarte buna de a lega si fructifica chiar si in conditii climatice dificile si in primaveri capricioase. Productivitatea poate ajunge la aproximativ 40-60 kg de fructe pe pom in anul 5. Fructele sunt foarte mari pentru un cires, cu greutatea de aproximativ 11-13 g, au culoare rosu-sangeriu si pulpa ferma, pietroasa, suculenta si gustoasa. Soiul prezinta rezistenta genetica la bolile specifice ciresului. Pentru o polenizare buna este recomandata plantarea in apropiere a soiului Stella. Recoltarea are loc in perioada 15-25 iunie in zona de sud a tarii. Fructele sunt excelente pentru consum proaspat si comercializare.	https://pomifructiferionline.ro/produse/cires-pietros/	https://pomifructiferionline.ro/images/pomi-fructiferi/cires/cires-pietros/cires-pietros-1.png	in_stock	19.00 RON	new	no
PF-CIRES-003	Cires Donissen Galben	Cires Donissen Galben este un soi de cires cu fructe mari si foarte atractive, apreciat pentru culoarea galben stralucitoare si gustul dulce, echilibrat si aromat. Fructele au o greutate de aproximativ 8-12 g si forma sferica. Pomul are crestere viguroasa si poate ajunge la aproximativ 5 m inaltime, dezvoltand o coroana cu diametrul de aproximativ 3-4 m, in functie de portaltoi. Productivitatea este ridicata si constanta, putand ajunge in conditii bune de cultura pana la aproximativ 50 kg de fructe pe pom. Perioada de coacere este in lunile iunie-iulie. Soiul se remarca prin rezistenta foarte buna la temperaturi scazute, pana la aproximativ -35°C. Este potrivit pentru gradini si livezi si ofera atat fructe gustoase, cat si un aspect decorativ deosebit.	https://pomifructiferionline.ro/produse/cires-donissen-galben/	https://pomifructiferionline.ro/images/pomi-fructiferi/cires/cires-donissen-galben/cires-donissen-galben-1.png	in_stock	19.00 RON	new	no
PF-CIRES-004	Cires Negre de Bistrita	Negre de Bistrita, sinonim BN 14/5, este un soi romanesc de cires obtinut prin incrucisarea soiurilor Hedelfinger si Germersdorf si omologat in anul 1968. Fructele sunt mijlocii, de aproximativ 5 g, cu forma ovoida turtita lateral si pielita rosu-inchis pana la aproape negru la maturitate deplina. Pulpa este semicrocanta, rosu-inchisa, suculenta si dulce, iar samburele este mijlociu si neaderent. Pomul este semiviguros pana la viguros, cu coroana globuloasa pana la larg piramidala. Intra timpuriu pe rod si realizeaza productii constante. Prezinta rezistenta buna la Monilia laxa si antracnoza. Inflorirea este timpurie, iar pentru polenizare sunt recomandate soiurile Timpurii de Bistrita, Bigarreau Moreau, Rosii de Bistrita si Ramon Oliva. Fructele se coc in a doua decada a lunii iunie si sunt destinate in special consumului in stare proaspata.	https://pomifructiferionline.ro/produse/cires-negre-de-bistrita/	https://pomifructiferionline.ro/images/pomi-fructiferi/cires/cires-negre-de-bistrita/cires-negre-de-bistrita-1.png	in_stock	19.00 RON	new	no
PF-CIRES-005	Cires Amar de Bistrita	Cires Amar de Bistrita este un soi romanesc valoros, cu pom de vigoare mica spre medie si inflorire tarzie. Fructele sunt mari pentru categoria soiurilor amare, au forma sferic-alungita, usor turtita la baza si putin alungita spre varf. Pielita este bicolora, rosu aprins pe fond galben, iar pulpa este galben-albicioasa, semipietroasa si suculenta. Gustul este amarui, fin, dulce si usor acidulat. Samburele este de marime medie, reprezentand aproximativ 5,1% din greutatea fructului, si este semiaderent. Soiul este precoce, rodeste abundent si constant si are o capacitate de productie deosebita. Prezinta rezistenta buna la ger, seceta si monilioza si rezistenta medie la antracnoza. Maturarea este tarzie, in prima decada a lunii iulie. Este un soi excelent pentru industria alimentara, in special pentru dulceturi si fructe confiate.	https://pomifructiferionline.ro/produse/cires-amar-de-bistrita/	https://pomifructiferionline.ro/images/pomi-fructiferi/cires/cires-amar-de-bistrita/cires-amar-de-bistrita-1.png	in_stock	19.00 RON	new	no
PF-CIRES-006	Cires Stella	Cires Stella este un soi foarte valoros si larg raspandit, apreciat pentru autofertilitate, productivitate si calitatea buna a fructelor. Pomul este viguros si formeaza o coroana larga, bine ramificata si bine garnisita cu ramuri de rod. Fructele sunt mari, cu o greutate de aproximativ 6,5-9 g, au forma cordiforma si culoare rosu stralucitor. Pulpa este rosie, suculenta, de fermitate medie si neaderenta la sambure, cu gust dulce-acidulat si placut. Soiul este autofertil si nu necesita obligatoriu un alt soi pentru polenizare. Productivitatea este buna spre foarte buna, iar pomul prezinta rezistenta buna la ger. Principalul dezavantaj este sensibilitatea fructelor la crapare, mai ales in conditii de umiditate ridicata. Maturarea are loc in a doua decada a lunii iunie, aproximativ intre 15 si 30 iunie.	https://pomifructiferionline.ro/produse/cires-stella/	https://pomifructiferionline.ro/images/pomi-fructiferi/cires/cires-stella/cires-stella-1.png	in_stock	19.00 RON	new	no
PF-CIRES-007	Cires Linda	Cires Linda este un soi de vigoare mijlocie, cu coroana rotunjita si dezvoltare echilibrata. La maturitate poate ajunge la aproximativ 4 m inaltime. Fructele sunt mari, cu o greutate de aproximativ 8-9 g, au culoare bordo inchis si pulpa rosie, suculenta, partial aderenta la sambure. Soiul este productiv si incepe sa fructifice dupa aproximativ 2-3 ani de la plantare. Recoltarea are loc in perioada 1-15 iulie. Prezinta rezistenta buna la boli si daunatori si o rezistenta foarte buna la temperaturi scazute, pana la aproximativ -32°C. Pentru o fructificare buna sunt recomandati polenizatori precum Van si Germersdorf. Fructele sunt potrivite in special pentru consum proaspat.	https://pomifructiferionline.ro/produse/cires-linda/	https://pomifructiferionline.ro/images/pomi-fructiferi/cires/cires-linda/cires-linda-1.png	in_stock	19.00 RON	new	no
PF-CIRES-008	Cires Vega	Cires Vega este un soi romanesc valoros, productiv si bine adaptat conditiilor climatice locale. Pomul are vigoare mijlocie spre mare si formeaza o coroana piramidala, cu ramuri erecte. Fructele sunt mari, cu o greutate de aproximativ 7-8 g, au forma invers ovoida si culoare rosu-violacee. Pielita este galbena, cu rosu pe partea expusa la soare, iar fructele pot prezenta un strat de pruina cenusie. Pulpa este alb-verzuie, suculenta si placuta la gust, cu continut ridicat in substanta uscata si zahar. Soiul se remarca prin maturare uniforma pe pom, productivitate ridicata si rezistenta buna la ger si viroze. Recoltarea are loc in jurul mijlocului lunii iunie. Pentru o polenizare buna se recomanda soiurile Urias de Germersdorf, Van si Urias de Hedelfingen. Portaltoiul utilizat este Prunus Mahaleb.	https://pomifructiferionline.ro/produse/cires-vega/	https://pomifructiferionline.ro/images/pomi-fructiferi/cires/cires-vega/cires-vega-1.png	in_stock	19.00 RON	new	no
PF-CIRES-009	Cires Vanda	Cires Vanda este un soi de origine italiana, provenit de la Institutul din Bologna, apreciat pentru calitatea foarte buna a fructelor si rezistenta excelenta dupa recoltare. Fructele sunt mari, cu diametrul de aproximativ 28-32 mm, au forma rotunda, usor alungita, si culoare rosu rubiniu uniforma. Pulpa este crocanta, suculenta si placuta, cu gust dulce intens si aroma fructata, usor florala. Samburele este mic si se desprinde usor de pulpa. Soiul este semitimpuriu si ajunge la maturitate in jurul mijlocului lunii iunie. Fructele prezinta rezistenta foarte buna la ploi, transport si depozitare, fiind potrivite atat pentru consum proaspat, cat si pentru sucuri si deserturi.	https://pomifructiferionline.ro/produse/cires-vanda/	https://pomifructiferionline.ro/images/pomi-fructiferi/cires/cires-vanda/cires-vanda-1.png	in_stock	19.00 RON	new	no
PF-CIRES-010	Cires Summit	Cires Summit este un soi obtinut la Agriculture Canada Research Station din Summerland, rezultat din incrucisarea soiurilor Van si Sam si introdus in cultura in anul 1973. Pomul are vigoare mijlocie, este precoce si productiv. Fructele sunt mari, au forma cordiforma si culoare rosu stralucitor. Pulpa este pietroasa, iar gustul este dulce si placut. Soiul este potrivit in special pentru consum in stare proaspata. Portaltoiul utilizat este Gisella 5. Plantarea se poate face in perioada octombrie-noiembrie, februarie-martie si in ferestrele favorabile ale iernii.	https://pomifructiferionline.ro/produse/cires-summit/	https://pomifructiferionline.ro/images/pomi-fructiferi/cires/cires-summit/cires-summit-1.png	in_stock	19.00 RON	new	no
PF-CIRES-011	Cires Staccato	Cires Staccato este un soi de cires dulce dezvoltat in Canada, in cadrul programului de ameliorare de la Summerland, British Columbia. Este apreciat in special pentru maturarea foarte tarzie, care permite prelungirea sezonului de recoltare pana in jurul mijlocului lunii august. Pomul are vigoare medie spre mare, formeaza o coroana echilibrata si intra relativ repede pe rod. Productivitatea este ridicata, constanta si abundenta. Fructele sunt mari, ferme si aspectuoase, cu pielita rosu inchis intens si lucioasa. Pulpa este crocanta si suculenta, iar gustul este predominant dulce, bine echilibrat si placut aromat. Soiul este autofertil si poate produce fructe chiar si plantat singur. Fructele se pastreaza bine si prezinta rezistenta foarte buna la manipulare si transport. Un avantaj important este rezistenta buna la craparea fructelor dupa ploi.	https://pomifructiferionline.ro/produse/cires-staccato/	https://pomifructiferionline.ro/images/pomi-fructiferi/cires/cires-staccato/cires-staccato-1.png	in_stock	19.00 RON	new	no
PF-CIRES-012	Cires George	Cires George este un soi romanesc obtinut la Institutul de Cercetare-Dezvoltare pentru Pomicultura Pitesti-Maracineni, apreciat pentru calitatea foarte buna a fructelor, productivitatea constanta si adaptabilitatea la conditiile climatice din Romania. Pomul are vigoare mare si formeaza o coroana piramidala larga, bine ramificata si echilibrata. Intra pe rod dupa aproximativ 4-5 ani de la plantare si produce recolte bogate si uniforme. Fructele sunt mari spre foarte mari, cu greutatea de aproximativ 7-9 g, forma sferica regulata, usor turtita, si culoare rosu-inchis intens, devenind visiniu stralucitor la maturitate deplina. Pulpa este rosie-inchisa, crocanta si foarte suculenta, cu gust dulce, echilibrat si intens aromat. Samburele este mic si se desprinde usor de pulpa. Pielita este fina, elastica si prezinta rezistenta buna la crapare. Soiul este autosteril si necesita polenizatori compatibili precum Van, Hedelfingen sau Stella. Inflorirea are loc aproximativ intre 10 si 20 aprilie, iar recoltarea intre 15 si 25 iunie. Prezinta rezistenta buna la ger si seceta si toleranta buna la monilioza si patarea frunzelor.	https://pomifructiferionline.ro/produse/cires-george/	https://pomifructiferionline.ro/images/pomi-fructiferi/cires/cires-george/cires-george-1.png	in_stock	19.00 RON	new	no
PF-CIRES-013	Cires Sabrina	Cires Sabrina este un soi de cires cu productivitate foarte ridicata, capabil sa ofere recolte de aproximativ 30-50 kg de fructe pe pom intr-un sezon. Pomul are crestere viguroasa si poate ajunge la aproximativ 5 m inaltime, dezvoltand o coroana densa si bogata. Fructele sunt foarte mari, cu o greutate de aproximativ 10-12 g, sunt carnoase, dulci si apreciate pentru gustul intens si aspectul atractiv. Soiul are si o valoare decorativa ridicata in perioada de inflorire. Prezinta rezistenta buna la temperaturi scazute si poate fi cultivat atat in gradina, cat si in recipiente mari, in functie de conditiile de cultura. Este potrivit pentru consum proaspat si procesare.	https://pomifructiferionline.ro/produse/cires-sabrina/	https://pomifructiferionline.ro/images/pomi-fructiferi/cires/cires-sabrina/cires-sabrina-1.png	in_stock	19.00 RON	new	no
PF-CIRES-014	Cires Fabiola	Cires Fabiola este un soi de origine germana, apreciat pentru calitatea foarte buna a fructelor, productivitatea ridicata si rezistenta buna la craparea fructelor in timpul ploilor. Pomul are vigoare mare si formeaza o coroana bogata. Intra devreme pe rod, de regula in anul 3-4 de la plantare, si ofera productii bogate si constante. Fructele sunt mari, carnoase si aspectuoase, cu gust excelent, predominant dulce si placut aromat. Soiul este partial autofertil, dar pentru o productie mai buna se recomanda prezenta unor soiuri polenizatoare compatibile in apropiere. Maturarea are loc in jurul mijlocului pana la sfarsitul lunii iunie. Fructele sunt excelente pentru consum in stare proaspata si pot fi folosite si pentru diverse preparate.	https://pomifructiferionline.ro/produse/cires-fabiola/	https://pomifructiferionline.ro/images/pomi-fructiferi/cires/cires-fabiola/cires-fabiola-1.png	in_stock	19.00 RON	new	no
PF-VISIN-001	Visin Morella	Visin Morella este un soi clasic si valoros, cultivat pentru fructele intens colorate, aroma deosebita si productivitatea buna si constanta. Pomul are o dezvoltare moderata si formeaza o coroana bine ramificata, fiind potrivit atat pentru gradini familiale, cat si pentru livezi. Fructele sunt medii spre mari, rotunjite, cu pielita lucioasa, de culoare rosu-inchis, care poate deveni aproape bordo la maturitate deplina. Pulpa este moale, foarte suculenta si intens colorata, iar sucul are o culoare rosie puternica. Gustul este dulce-acrisor, aromat si revigorant. Soiul este autofertil si poate rodi bine chiar si atunci cand este plantat singur. Maturarea este tarzie, fructele fiind recoltate de regula in luna iulie. Visinele Morella sunt excelente pentru dulceata, gemuri, compoturi, siropuri, sucuri, lichioruri si deserturi, dar pot fi consumate si proaspete la maturitate deplina.	https://pomifructiferionline.ro/produse/visin-morella/	https://pomifructiferionline.ro/images/pomi-fructiferi/visin/visin-morella/visin-morella-1.png	in_stock	19.00 RON	new	no
PF-VISIN-002	Visin Meteor	Visin Meteor este un soi foarte timpuriu si autofertil, ideal pentru obtinerea unei recolte bogate inca de la inceputul verii. Fructele sunt mijlocii spre mari, cu o greutate de aproximativ 5-6 g, forma sferic-turtita si culoare bordo-inchis. Pulpa este carnoasa, suculenta si placuta la gust, cu un echilibru dulce-acrisor. Coaja prezinta rezistenta buna la crapare. Pomul are vigoare mijlocie spre mare si formeaza o coroana rara si aplatizata. Soiul este autofertil si poate rodi bine chiar si atunci cand este plantat singur. Este productiv, usor de intretinut, fructifica pe formatiuni scurte si necesita relativ putine taieri. Recoltarea incepe foarte devreme, de regula dupa data de 5 iunie.	https://pomifructiferionline.ro/produse/visin-meteor/	https://pomifructiferionline.ro/images/pomi-fructiferi/visin/visin-meteor/visin-meteor-1.png	in_stock	19.00 RON	new	no
PF-VISIN-003	Visin Ilva	Visin Ilva este un soi romanesc obtinut la SCDP Bistrita si omologat in anul 1982. Pomul are vigoare submijlocie, formeaza o coroana semiglobuloasa si fructifica predominant pe ramuri lungi. Fructele sunt mijlocii spre mari, cu o greutate de aproximativ 5,8 g, forma sferica regulata si pielita rosu-lucioasa, relativ subtire si elastica. Pulpa este colorata, suculenta, de consistenta medie, iar sucul este bine colorat. Gustul este placut, acidulat, dulce-acrisor si racoritor. Soiul este autofertil si poate fructifica fara prezenta obligatorie a unui alt polenizator. Productivitatea este buna si regulata, iar pomul intra relativ repede pe rod, in jurul anului 3-4 de la plantare in conditii favorabile. Perioada de maturare este la sfarsitul lunii iunie si inceputul lunii iulie. Soiul prezinta toleranta relativ buna la monilioza, dar este sensibil la patarea frunzelor produsa de Blumeriella jaapii. Fructele sunt potrivite atat pentru consum proaspat, cat si pentru dulceata, compot, suc si alte preparate.	https://pomifructiferionline.ro/produse/visin-ilva/	https://pomifructiferionline.ro/images/pomi-fructiferi/visin/visin-ilva/visin-ilva-1.png	in_stock	19.00 RON	new	no
PF-VISIN-004	Visin Productiv de Debrecen	Visin Productiv de Debrecen este un soi cultivat in special pentru calitatea si cantitatea ridicata a fructelor. Pomul are vigoare mijlocie si formeaza o coroana sferica, cu tendinta de indesare. Fructele sunt medii spre mari, cu o greutate de aproximativ 6-7 g, au culoare rosu bordo si pulpa semipietroasa, suculenta si gustoasa. Gustul este placut, dulce-acrisor, specific visinelor de calitate. Soiul este autofertil si poate fructifica fara prezenta obligatorie a unui alt soi polenizator. Productivitatea este ridicata si constanta, fiind potrivit atat pentru gradini familiale, cat si pentru livezi. Maturarea este timpurie, fructele fiind recoltate de regula la inceputul lunii iunie. Portaltoiul utilizat este Prunus Mahaleb.	https://pomifructiferionline.ro/produse/visin-productiv-de-debrecen/	https://pomifructiferionline.ro/images/pomi-fructiferi/visin/visin-productiv-de-debrecen/visin-productiv-de-debrecen-1.png	in_stock	19.00 RON	new	no
PF-VISIN-005	Visin North Star	Visin North Star este un soi originar din Statele Unite, apreciat pentru talia redusa, productivitatea ridicata si autofertilitate. Pomul are vigoare mica si ajunge la aproximativ 2-3 m inaltime, formand o coroana globuloasa si compacta. Fructifica predominant pe ramuri mijlocii si intra repede pe rod. Fructele sunt mijlocii spre mari, cu o greutate de aproximativ 5,5 g, forma sferica usor alungita si culoare visiniu-inchis, aproape negru la maturitate deplina. Pulpa este intens colorata, zemoasa, iar gustul este placut, usor acidulat si astringent. Soiul este autofertil si poate rodi bine fara prezenta obligatorie a unui alt polenizator. Prezinta rezistenta buna la ger si la bolile specifice. Maturitatea de consum este in a doua si a treia decada a lunii iulie. Datorita dimensiunilor reduse, este foarte potrivit pentru gradini mici si livezi familiale.	https://pomifructiferionline.ro/produse/visin-north-star/	https://pomifructiferionline.ro/images/pomi-fructiferi/visin/visin-north-star/visin-north-star-1.png	in_stock	19.00 RON	new	no
PF-VISIN-006	Visin Jubileu de Erd	Visin Jubileu de Erd este un soi valoros, apreciat pentru intrarea rapida pe rod si pentru fructele mari si gustoase. Pomul are o dezvoltare buna si formeaza o coroana echilibrata, fiind potrivit pentru gradini si livezi familiale. Fructele au o greutate de aproximativ 4-5 g, culoare bordo inchis si gust predominant dulce, cu o nota usor acrisoara. Pulpa este tare, ceea ce contribuie la o pastrare mai buna a fructelor, iar samburele este mic. Soiul poate incepe sa fructifice relativ repede dupa plantare, iar perioada de recoltare este in jurul mijlocului lunii iunie. Prezinta rezistenta buna la temperaturi scazute, pana la aproximativ -25°C. Fructele sunt potrivite pentru consum proaspat, gemuri, dulceata, prajituri si alte deserturi.	https://pomifructiferionline.ro/produse/visin-jubileu-de-erd/	https://pomifructiferionline.ro/images/pomi-fructiferi/visin/visin-jubileu-de-erd/visin-jubileu-de-erd-1.png	in_stock	19.00 RON	new	no
PF-VISIN-007	Visin de Mocanesti	Visin de Mocanesti este un soi traditional apreciat pentru productivitatea ridicata, rezistenta buna si fructele gustoase. Pomul are dimensiuni mici si este usor de intretinut, fiind potrivit pentru gradini si livezi familiale. Frunzele sunt lucioase, verde inchis, de forma ovala, cu varful ascutit si marginile usor dintate, iar florile sunt albe. Fructele sunt de marime medie, au forma sferica usor aplatizata la ambele capete si culoare rosu inchis-burghez. Pulpa este suculenta, cu gust dulce-acrisor si placut. Perioada de coacere este in luna iunie. Soiul se dezvolta cel mai bine in locuri insorite si prezinta rezistenta buna la seceta si inghet. Fructele pot fi consumate proaspete sau conservate si sunt potrivite si pentru procesare industriala.	https://pomifructiferionline.ro/produse/visin-de-mocanesti/	https://pomifructiferionline.ro/images/pomi-fructiferi/visin/visin-de-mocanesti/visin-de-mocanesti-1.png	in_stock	19.00 RON	new	no
PF-VISIN-008	Visin de Botosani	Visin de Botosani este un soi de visin de vigoare medie, autofertil si cu productivitate medie-mare. Fructele sunt mari, ajungand pana la aproximativ 7,2 g, au forma sferica, turtita la baza si dorsoventral, si o culoare atractiva rosu-visinie. Pulpa este suculenta, iar sucul este intens colorat. Pielita este subtire, elastica si lucioasa si se desprinde usor de pulpa. Soiul este autofertil, ceea ce inseamna ca nu necesita obligatoriu un alt soi polenizator pentru fructificare. Epoca de coacere este in prima decada a lunii iulie.	https://pomifructiferionline.ro/produse/visin-de-botosani/	https://pomifructiferionline.ro/images/pomi-fructiferi/visin/visin-de-botosani/visin-de-botosani-1.png	in_stock	19.00 RON	new	no
PF-VISIN-009	Visin Groniasta	Visin Groniasta este un soi de origine poloneza, apreciat pentru fructele mari si aspectuoase, productivitatea constanta si rezistenta buna la boli si ger. Pomul are vigoare medie, formeaza o coroana echilibrata si ramuri bine dezvoltate. Fructele sunt mari, cu o greutate de aproximativ 4,5-6 g, au forma rotunda, usor turtita, si culoare rosu inchis, uniforma. Pulpa este semipietroasa, ferma, suculenta si aromata, cu gust dulce-acrisor placut si echilibrat. Samburele este mic si detasabil. Soiul este autofertil si nu necesita obligatoriu un alt polenizator. Prezinta rezistenta buna la boli, inclusiv monilioza, precum si toleranta ridicata la ger si intemperii. Productivitatea este medie spre mare si constanta. Maturarea are loc de regula la mijlocul si spre sfarsitul lunii iunie. Fructele sunt potrivite pentru consum proaspat, gemuri, compoturi si visinata.	https://pomifructiferionline.ro/produse/visin-groniasta/	https://pomifructiferionline.ro/images/pomi-fructiferi/visin/visin-groniasta/visin-groniasta-1.png	in_stock	19.00 RON	new	no
PF-CAIS-001	Cais Cea mai buna de Ungaria	Cais Cea mai buna de Ungaria este un soi renumit pentru fructele sale mari, carnoase si foarte aromate, potrivit pentru gradini si livezi familiale. Fructele ajung la aproximativ 40-45 g si au o pielita galben-portocalie, cu reflexe rosiatice pe partea expusa la soare. Pulpa este suculenta, dulce, parfumata si placuta la gust. Pomul are vigoare mijlocie si ofera productii bogate si constante in conditii bune de cultura. Soiul se adapteaza bine in zonele de campie si coline joase, la aproximativ 200-500 m altitudine, si prefera locurile bine insorite. Maturarea are loc in a doua jumatate a lunii iulie. Fructele sunt excelente pentru consum in stare proaspata, dar si pentru compoturi, gemuri, dulceturi si deserturi de casa.	https://pomifructiferionline.ro/produse/cais-cea-mai-buna-de-ungaria/	https://pomifructiferionline.ro/images/pomi-fructiferi/cais/cais-cea-mai-buna-de-ungaria/cais-cea-mai-buna-de-ungaria-1.png	in_stock	19.00 RON	new	no
PF-CAIS-002	Cais Rosii de Baneasa	Cais Rosii de Baneasa este un soi autohton valoros, apreciat pentru productivitatea ridicata, fructele foarte mari si calitatea excelenta pentru consum proaspat si industrializare. Pomul are vigoare mijlocie si formeaza o coroana globuloasa, in care predomina ramurile mixte si scurte. Este un soi precoce, intrand pe rod in jurul anului 3 de la plantare. La maturitate, productia poate ajunge la aproximativ 70-80 kg de fructe per pom. Soiul este autofertil si poate fructifica fara prezenta obligatorie a altor soiuri polenizatoare, desi prezenta acestora poate contribui la cresterea randamentului. Fructele sunt foarte mari, cu o greutate medie de aproximativ 80 g, forma ovoida si pielita portocalie, acoperita pe partea expusa la soare de un rosu aprins. Pulpa este portocalie, densa, suculenta si aromata, cu un echilibru placut intre zaharuri si aciditate si aroma specifica de caisa. Pulpa este neaderenta la sambure. Soiul prezinta rezistenta buna la ger si la bolile specifice caisului. Recoltarea are loc de regula in perioada 5-10 iulie, in functie de zona si conditiile climatice. Portaltoiul utilizat este mirobolan. Fructele sunt excelente pentru consum proaspat si industrializare.	https://pomifructiferionline.ro/produse/cais-rosii-de-baneasa/	https://pomifructiferionline.ro/images/pomi-fructiferi/cais/cais-rosii-de-baneasa/cais-rosii-de-baneasa-1.png	in_stock	19.00 RON	new	no
PF-CAIS-003	Cais Umberto	Cais Umberto este un soi de origine italiana, apreciat pentru fructele foarte mari si aspectuoase si pentru coacerea tarzie. Pomul are vigoare mijlocie si formeaza o coroana globuloasa si deasa, avand o rezistenta buna la ger. Fructele sunt foarte mari, de forma ovoidala, cu pielita groasa, de culoare galbena si cu pete rosii pe partea expusa la soare. Pulpa este galbena, de consistenta medie, suculenta si placuta la gust. Maturarea are loc in perioada 10-15 august. Fructele sunt potrivite atat pentru consum in stare proaspata, cat si pentru prelucrare industriala sub forma de compot, gem, nectar si suc. Portaltoiul utilizat este Mirobolan.	https://pomifructiferionline.ro/produse/cais-umberto/	https://pomifructiferionline.ro/images/pomi-fructiferi/cais/cais-umberto/cais-umberto-1.png	in_stock	19.00 RON	new	no
PF-CAIS-004	Cais Elmar	Cais Elmar este un soi romanesc creat la SCDP Constanta si inregistrat in anul 2011. Pomul are vigoare medie si port etalat, intra pe rod in jurul anului III si fructifica pe buchete de mai si pe ramuri de un an. Fructele au o greutate de aproximativ 45-55 g, forma ovala si pielita portocaliu mediu, cu o nuanta rosie pe partea expusa la soare. Pulpa este portocalie, suculenta, moale, cu textura mijlocie si neaderenta la sambure. Gustul este aromat, echilibrat si dulce-acrisor. Soiul este autofertil si nu necesita obligatoriu alti polenizatori, desi prezenta altor soiuri de cais poate contribui la cresterea productiei. Maturarea are loc in decada a III-a a lunii iunie. Este un soi versatil, rezistent la ger si seceta, potrivit pentru consum proaspat, procesare si culturi comerciale.	https://pomifructiferionline.ro/produse/cais-elmar/	https://pomifructiferionline.ro/images/pomi-fructiferi/cais/cais-elmar/cais-elmar-1.png	in_stock	19.00 RON	new	no
PF-CAIS-005	Cais Augustin	Cais Augustin este un soi romanesc omologat in anul 2004, obtinut in cadrul cercetarii pomicole de la SCDP Baneasa si SCDP Constanta. Pomul este viguros, cu port deschis, intra pe rod in jurul anului III si fructifica pe buchete si pe ramuri de un an. Fructele au o greutate de aproximativ 45-57,5 g si o forma cordiforma, in forma de inima, foarte atractiva. Pielita este portocalie, cu rosu carmin pe partea expusa la soare. Pulpa este portocalie, suculenta, foarte aromata, cu fermitate medie si textura intermediara. Gustul este dulce si intens aromat. Soiul este autofertil, cu fertilitate naturala ridicata, si nu necesita obligatoriu polenizatori suplimentari. Productivitatea este foarte ridicata, putand depasi 17 t/ha. Maturarea are loc in luna august, in decadele I-II. Soiul este tolerant la principalele boli specifice caisului si este apreciat pentru valoarea comerciala ridicata, fructele consistente si perioada de coacere tarzie.	https://pomifructiferionline.ro/produse/cais-augustin/	https://pomifructiferionline.ro/images/pomi-fructiferi/cais/cais-augustin/cais-augustin-1.png	in_stock	19.00 RON	new	no
PF-CAIS-006	Cais Negru	Cais Negru este un hibrid fructifer obtinut prin incrucisarea caisului cu prunul sau corcodusul, cunoscut si sub denumirea de Printul Negru sau Black Apricot. Fructele au dimensiuni medii, aproximativ 40-80 g, cu pielita de culoare violet inchis, rosu-violet sau aproape neagra. Pulpa este galben-portocalie, suculenta si aromata, cu gust dulce-acrisor, combinand aroma de caisa cu note specifice de pruna sau corcodus. Pomul infloreste mai tarziu decat multi caiși obisnuiti, ceea ce poate reduce expunerea florilor la ingheturile tarzii de primavara. Soiul prezinta rezistenta foarte buna la ger si o buna toleranta la boli si daunatori. Este partial autofertil, putand fructifica si singur, dar productia poate creste daca are in apropiere alti pomi compatibili. Recoltarea are loc spre sfarsitul lunii iulie. Fructele sunt potrivite pentru consum proaspat, gemuri, compoturi, sucuri si alte preparate.	https://pomifructiferionline.ro/produse/cais-negru/	https://pomifructiferionline.ro/images/pomi-fructiferi/cais/cais-negru/cais-negru-1.png	in_stock	19.00 RON	new	no
PF-CAIS-007	Cais Neptun	Cais Neptun este un soi romanesc omologat in anul 1979, obtinut in cadrul cercetarii pomicole de la SCDP Baneasa si SCDP Constanta. Pomul are vigoare medie si dezvolta ramuri de schelet solide, cu formatiuni scurte de rod. Fructele au o greutate de aproximativ 45-55 g, forma sferic-ovoidala, cu varful usor ascutit, fiind uniforme si atractive. Pielita este galben-portocalie, catifelata, cu dungi sau pete rosii pe partea expusa la soare. Pulpa este portocalie, ferma, suculenta si neaderenta la sambure. Gustul este dulce, usor acidulat si armonios. Soiul este autofertil si poate fructifica singur, dar raspunde favorabil si la polenizare incrucisata. Productivitatea este ridicata, de aproximativ 15-20 t/ha sau 80-100 kg per pom. Maturarea are loc in luna iulie, in decadele I-II. Soiul este rezistent la seceta si ger, tolerant la boli si bine adaptat Dobrogei si sudului Romaniei. Fructele sunt ideale pentru consum proaspat, gemuri, compoturi si alte forme de procesare.	https://pomifructiferionline.ro/produse/cais-neptun/	https://pomifructiferionline.ro/images/pomi-fructiferi/cais/cais-neptun/cais-neptun-1.png	in_stock	19.00 RON	new	no
PF-CAIS-008	Cais Goldrich	Cais Goldrich este un soi de origine americana, foarte apreciat pentru dimensiunile impresionante ale fructelor si productivitatea ridicata. Pomul are vigoare mica spre medie si ajunge de regula la aproximativ 3-4 m inaltime, fiind potrivit si pentru gradini mai mici. Fructifica predominant pe ramuri scurte si pe buchete de mai. Fructele sunt foarte mari, de aproximativ 80-90 g, au forma oval-triunghiulara si o pielita portocaliu intens, uneori cu o usoara nuanta rosie pe partea expusa la soare. Pulpa este portocalie, ferma, suculenta si neaderenta la sambure. Gustul este echilibrat, dulce-acrisor, iar pentru dezvoltarea completa a aromei se recomanda ca fructele sa fie lasate sa se coaca bine pe pom. Soiul este partial autofertil, insa productia este mai bogata in prezenta unor polenizatori compatibili precum Dacia, Uriasa de Cegled sau Sulmona. Prezinta rezistenta buna la ger si la variatiile de temperatura specifice primaverii. Datorita fermitatii pulpei, fructele suporta bine manipularea si transportul. Recoltarea are loc de obicei intre 1 si 10 iulie. Fructele sunt potrivite pentru consum proaspat, gemuri, compoturi, sucuri, nectaruri, piureuri si uscare. Portaltoiul utilizat este mirobolan.	https://pomifructiferionline.ro/produse/cais-goldrich/	https://pomifructiferionline.ro/images/pomi-fructiferi/cais/cais-goldrich/cais-goldrich-1.png	in_stock	19.00 RON	new	no
PF-CAIS-009	Cais Mamaia	Cais Mamaia este un soi romanesc timpuriu, productiv si bine adaptat conditiilor din Romania. Altoit pe portaltoi Mirobolan, pomul are vigoare medie spre mare, se adapteaza usor la diferite conditii de sol si ofera productii foarte bune si constante. Fructele sunt mari, cu o greutate de aproximativ 55-70 g, au forma ovala, simetrica si pielita portocaliu intens, cu roseata pe partea expusa la soare. Pulpa este portocalie, supla, suculenta si dulce-aromata, iar samburele este detasabil. Fructele sunt rezistente la crapare si suporta bine transportul. Soiul este autofertil si nu necesita obligatoriu un alt polenizator. Prezinta toleranta buna la monilioza si alte boli specifice caisului, precum si rezistenta buna la ger si variatii de temperatura. Coacerea are loc de la sfarsitul lunii iunie pana la inceputul lunii iulie. Fructele sunt potrivite pentru consum proaspat, gemuri, compoturi, sucuri si pentru valorificare timpurie pe piata.	https://pomifructiferionline.ro/produse/cais-mamaia/	https://pomifructiferionline.ro/images/pomi-fructiferi/cais/cais-mamaia/cais-mamaia-1.png	in_stock	19.00 RON	new	no
PF-CAIS-010	Cais Sirena	Cais Sirena este un soi romanesc omologat in anul 1979, obtinut la SCDP Baneasa si Marculesti. Pomul are vigoare medie si formeaza o coroana globuloasa, cu ramuri fructifere scurte si dese. Intra pe rod relativ repede, in aproximativ 2-3 ani. Fructele sunt mijlocii spre mari, cu o greutate de aproximativ 65-67 g, au forma globuloasa spre ovoida, usor asimetrica, si sunt uniforme si atractive. Pielita este portocalie, cu pistrui rosii pe partea expusa la soare. Pulpa este portocalie, densa, suculenta si neaderenta la sambure. Gustul este placut, echilibrat si fin aromat, iar miezul samburelui are aroma de migdale. Soiul este autofertil si nu necesita obligatoriu un alt polenizator. Productivitatea este foarte ridicata si constanta, de aproximativ 15-17 t/ha sau 80-100 kg per pom. Maturarea are loc in luna august, in decadele I-II. Soiul este rezistent la ger si brume tarzii, tolerant la boli si potrivit atat pentru consum proaspat, cat si pentru conservare si procesare. Este recomandat pentru livezi compacte si gradini.	https://pomifructiferionline.ro/produse/cais-sirena/	https://pomifructiferionline.ro/images/pomi-fructiferi/cais/cais-sirena/cais-sirena-1.png	in_stock	19.00 RON	new	no
PF-CAIS-011	Cais Olimp	Cais Olimp este un soi romanesc obtinut la SCDP Marculesti si omologat in anul 1984, apreciat pentru productivitatea constanta si adaptabilitatea buna la conditiile climatice locale. Pomul are vigoare mica spre mijlocie si formeaza o coroana globuloasa, fructificand predominant pe buchete de mai. Fructele sunt foarte mari, depasind frecvent 75-80 g, au forma ovoid-rotunjita, trunchiata la cavitatea pedunculara si usor turtita lateral. Pielita este portocalie, uneori cu nuante roz sau rosiatice si puncte rosii pe partea expusa la soare. Pulpa este portocalie, ferma, suculenta si aromata. Soiul este autofertil si poate produce fructe fara prezenta obligatorie a altor soiuri polenizatoare, desi prezenta altor soiuri compatibile poate contribui la cresterea productiei. Prezinta rezistenta buna la ger si la bolile specifice caisului. Este un soi cu maturare tarzie, recoltarea realizandu-se de regula in perioada 10-20 august, in functie de zona si conditiile climatice. Portaltoiul utilizat este mirobolan. Fructele sunt potrivite pentru consum in stare proaspata si pentru industrializare, inclusiv gemuri si compoturi.	https://pomifructiferionline.ro/produse/cais-olimp/	https://pomifructiferionline.ro/images/pomi-fructiferi/cais/cais-olimp/cais-olimp-1.png	in_stock	19.00 RON	new	no
PF-CAIS-012	Cais Tudor	Cais Tudor este un soi romanesc omologat in anul 1993, rezultat din colaborarea dintre SCDP Constanta si Universitatea Rutgers din SUA. Pomul are vigoare mare sau mijlocie spre mare, in functie de portaltoi, si formeaza o coroana piramidala bine structurata. Este un soi precoce, foarte productiv si constant, intrand repede pe rod. Fructele sunt medii spre mari, cu o greutate de aproximativ 40-50 g, au forma ovoida si sunt usor turtite dorso-ventral. Pielita este galben-portocalie, acoperita cu rosu aprins sau carmin pe partea expusa la soare. Pulpa este portocalie, ferma, suculenta si neaderenta la sambure, cu gust dulce-echilibrat si aroma intensa. Samburele este mare, cu miez amar. Soiul este autosteril si necesita polenizatori compatibili precum Carmela, Dacia, Flopia sau alte soiuri cu inflorire simultana. Prezinta rezistenta ridicata la ger, seceta si principalele boli specifice caisului. Recoltarea are loc de regula intre 20 si 30 iunie. Portaltoiul utilizat este Mirobolan. Fructele sunt potrivite pentru consum proaspat si pentru procesare sub forma de sucuri, nectaruri si piureuri.	https://pomifructiferionline.ro/produse/cais-tudor/	https://pomifructiferionline.ro/images/pomi-fructiferi/cais/cais-tudor/cais-tudor-1.png	in_stock	19.00 RON	new	no
PF-CAIS-013	Cais Comandor	Cais Comandor este un soi romanesc obtinut la SCDP Marculesti - Calarasi prin hibridarea selectiilor Marculesti 17/54 si Marculesti 43/1 si omologat in anul 1983. Pomul are vigoare mijlocie spre mica si formeaza o coroana globuloasa. Rodeste in principal pe buchete de mai si ramuri mixte si intra pe rod, de regula, in jurul anului 4 de la plantare. Fructele sunt mari, cu o greutate medie de aproximativ 75 g, au forma sferica, usor alungita, si pielita galben-portocalie, acoperita pe partea expusa la soare de un rosu aprins atractiv. Pulpa este portocalie, ferma, suculenta si aromata, cu gust placut si echilibrat. Samburele este neaderent, se desprinde usor de pulpa, iar miezul este dulce. Soiul este autofertil si poate produce fructe plantat singur, insa prezenta a doua sau mai multe soiuri cu inflorire compatibila poate imbunatati polenizarea si productia. Inflorirea tarzie contribuie la rezistenta buna fata de ingheturile tarzii de primavara. Soiul prezinta rezistenta buna la ger si seceta si este inclus intre soiurile rezistente la pieirea prematura a caisului. Recoltarea are loc intre 30 iulie si 5 august, in functie de zona si conditiile climatice. Portaltoiul utilizat este Mirobolan. Fructele sunt potrivite pentru consum proaspat si industrializare.	https://pomifructiferionline.ro/produse/cais-comandor/	https://pomifructiferionline.ro/images/pomi-fructiferi/cais/cais-comandor/cais-comandor-1.png	in_stock	19.00 RON	new	no
PF-CAIS-014	Cais Excelsior	Cais Excelsior este un soi romanesc omologat in anul 1986 la SCDP Marculesti, apreciat pentru productivitatea ridicata si constanta si adaptabilitatea buna la conditiile climatice din Romania. Pomul are vigoare mica spre mijlocie si formeaza o coroana semisferica, cu ramuri de schelet solide, garnisite cu formatiuni de rod scurte. Fructele sunt mari, cu o greutate medie de aproximativ 70-75 g, au forma sferic-alungita si sunt usor turtite lateral. Pielita este de culoare limonie, fin pubescenta si stropita cu rosu pe partea expusa la soare. Pulpa are culoare limonie spre portocalie, este consistenta si suculenta, cu gust placut si aroma usoara. Samburele este neaderent la pulpa, iar miezul este dulce. Soiul este autofertil si poate fructifica plantat singur, insa prezenta a doua sau mai multe soiuri cu inflorire compatibila poate contribui la cresterea productiei. Prezinta rezistenta buna la ger si in special la oscilatiile de temperatura de la sfarsitul iernii, precum si toleranta buna la bolile specifice caisului. Recoltarea are loc in a doua jumatate a lunii iulie si inceputul lunii august, de regula intre 21 iulie si 10 august. Portaltoiul utilizat este Mirobolan. Fructele sunt potrivite pentru consum in stare proaspata si pentru industrializare.	https://pomifructiferionline.ro/produse/cais-excelsior/	https://pomifructiferionline.ro/images/pomi-fructiferi/cais/cais-excelsior/cais-excelsior-1.png	in_stock	19.00 RON	new	no
PF-CAIS-015	Cais Farbaly	Cais Farbaly este un soi de origine franceza, apreciat pentru perioada foarte tarzie de coacere si productivitatea ridicata. Pomul are vigoare medie spre mare, crestere erecta si o buna capacitate de ramificare. Inflorirea este tarzie, ceea ce contribuie la reducerea riscului produs de ingheturile tarzii de primavara. Soiul este precoce si foarte productiv an de an, cu inflorire bogata si flori de buna calitate. Este autofertil si poate produce fructe fara prezenta obligatorie a altor polenizatori. Fructele sunt mari, de aproximativ 70-90 g, au forma ovala si prezinta rezistenta buna la crapare. Pielita este portocalie, acoperita la maturitate completa cu rosu stralucitor pe aproximativ 50-70% din suprafata. Pulpa este portocalie, foarte ferma, suculenta si aromata, cu un echilibru bun intre zaharuri si aciditate. Datorita fermitatii ridicate, fructele au rezistenta foarte buna la manipulare, transport si depozitare. Soiul prezinta toleranta buna la virusul PPV si se adapteaza la diverse tipuri de sol. Recoltarea are loc foarte tarziu, de regula intre 10 si 20 august. Pentru obtinerea gustului maxim, fructele trebuie lasate sa se coaca bine pe pom, deoarece culoarea rosie poate aparea inainte de maturitatea deplina. Portaltoiul utilizat este Mirobolan. Fructele sunt potrivite pentru consum proaspat, dulceata, compot, depozitare si industrializare.	https://pomifructiferionline.ro/produse/cais-farbaly/	https://pomifructiferionline.ro/images/pomi-fructiferi/cais/cais-farbaly/cais-farbaly-1.png	in_stock	19.00 RON	new	no
PF-CAIS-016	Cais Favorit	Cais Favorit este un soi romanesc obtinut la Statiunea Experimentala de Cercetare si Dezvoltare pentru Pomicultura Marculesti prin autofecundarea hibridului Marculesti 23-52-50, rezultat din Luizet x Umberto, si omologat in anul 1986. Pomul are vigoare mijlocie sau semiviguroasa, cu o coroana larga si ramuri de schelet bine garnisite cu formatiuni de rod scurte. Soiul produce constant si abundent, putand atinge productii de aproximativ 25-30 tone la hectar. Este autofertil si poate fructifica fara prezenta obligatorie a altor soiuri polenizatoare. Fructele sunt mari spre mijlocii, cu o greutate medie de aproximativ 60-65 g, au forma ovoida si o cavitate pedunculara de adancime si largime medie. Pielita are culoare de fond portocalie si poate prezenta o usoara rumenire pe partea expusa la soare. Pulpa este portocalie, de consistenta medie, potrivit de suculenta, cu gust placut si aromat. Samburele este neaderent la pulpa. Soiul prezinta rezistenta buna la ger si toleranta satisfacatoare la principalele boli ale caisului, fiind slab atacat de Monilinia si Alternaria si mediu atacat de Clasterosporium. Maturarea este mijlocie, iar recoltarea se realizeaza in perioada iulie-august. Portaltoiul utilizat este Mirobolan. Fructele sunt potrivite pentru consum proaspat si pentru industrializare sub forma de gem, compot si nectar.	https://pomifructiferionline.ro/produse/cais-favorit/	https://pomifructiferionline.ro/images/pomi-fructiferi/cais/cais-favorit/cais-favorit-1.png	in_stock	19.00 RON	new	no
PF-CAIS-017	Cais Flopia	Cais Flopia este un soi de origine spaniola, creat de PSB Produccion Vegetal, apreciat in special pentru precocitatea ridicata, productivitatea abundenta si rezistenta fructelor la crapare. Pomul are vigoare mare si port semi-erect, intra repede pe rod si poate atinge in conditii optime productii de aproximativ 25-30 tone la hectar. Soiul este autofertil si poate fructifica fara prezenta obligatorie a altor soiuri polenizatoare. Fructele sunt de marime medie spre mare, au forma rotunda sau usor ovala si o pielita portocalie atractiva, acoperita cu rosu aprins pe partea expusa la soare. Pulpa este portocalie, ferma si suculenta, cu un echilibru placut intre dulce si acidulat si o aroma intensa. Fructele prezinta calitati organoleptice deosebite si rezistenta buna la crapare. Datorita fermitatii pulpei si rezistentei fructelor, soiul se comporta foarte bine la manipulare si transport. Flopia prezinta toleranta buna la virusul PPV. Este un soi extratimpuriu sau timpuriu, recoltarea realizandu-se de regula intre 5 si 15 iunie, in functie de zona si conditiile climatice. Portaltoiul utilizat este Mirobolan. Fructele sunt potrivite pentru consum proaspat si pentru procesare sub forma de sucuri, nectaruri si piureuri.	https://pomifructiferionline.ro/produse/cais-flopia/	https://pomifructiferionline.ro/images/pomi-fructiferi/cais/cais-flopia/cais-flopia-1.png	in_stock	19.00 RON	new	no
PF-CAIS-018	Cais Lady	Cais Lady este un soi de origine franceza, apreciat pentru productivitatea ridicata, fructele mari si rezistenta foarte buna. Pomul are vigoare medie spre buna, formeaza o coroana semi-erecta si prezinta o ramificare echilibrata. Fructifica pe diferite tipuri de ramuri si are o inflorire tarzie, caracteristica ce contribuie la reducerea riscului produs de ingheturile tarzii de primavara. Soiul este autofertil si poate fructifica fara prezenta obligatorie a altor soiuri polenizatoare, desi prezenta altor soiuri compatibile poate contribui la cresterea productiei. Fructele sunt mari, au forma ovala si pielita portocalie stralucitoare, acoperita in proportie de aproximativ 30-50% cu rosu intens pe partea expusa la soare. Pulpa este portocalie, foarte ferma, suculenta, dulce si aromata, cu un continut ridicat de zaharuri. Fructele prezinta rezistenta buna la crapare si o capacitate excelenta de conservare dupa recoltare. Pomul prezinta rezistenta foarte buna la temperaturi scazute si la principalele boli specifice caisului. Recoltarea are loc de regula intre 5 si 15 iulie, in functie de conditiile climatice. Portaltoiul utilizat este Mirobolan. Fructele sunt potrivite pentru consum in stare proaspata si pentru industrializare.	https://pomifructiferionline.ro/produse/cais-lady/	https://pomifructiferionline.ro/images/pomi-fructiferi/cais/cais-lady/cais-lady-1.png	in_stock	19.00 RON	new	no
PF-CAIS-019	Cais Litoral	Cais Litoral este un soi romanesc valoros, omologat in anul 1982 la Statiunea de Cercetare-Dezvoltare pentru Pomicultura Marculesti. Pomul are vigoare mica si formeaza o coroana larg globuloasa, caracteristici care faciliteaza lucrarile de intretinere si recoltare. Soiul este autofertil si poate fructifica plantat singur, fara prezenta obligatorie a altor soiuri polenizatoare, desi prezenta altor soiuri compatibile poate contribui la cresterea productiei. Fructele sunt de marime medie spre mare, cu o greutate de aproximativ 50-70 g, au forma sferica sau usor alungita si sunt putin turtite lateral. Pielita este galben-portocalie, acoperita cu puncte si striuri rosii pe partea expusa la soare. Pulpa este portocalie, ferma, suculenta si neaderenta la sambure, cu gust dulce si armonios. Soiul prezinta rezistenta buna la gerurile din timpul iernii si la ingheturile tarzii de primavara, precum si toleranta buna la principalele boli specifice caisului. Este un soi cu maturare tarzie, recoltarea realizandu-se de regula intre 1 si 10 august, in functie de zona si conditiile climatice. Portaltoiul utilizat este Mirobolan. Fructele sunt potrivite pentru consum in stare proaspata si pentru industrializare.	https://pomifructiferionline.ro/produse/cais-litoral/	https://pomifructiferionline.ro/images/pomi-fructiferi/cais/cais-litoral/cais-litoral-1.png	in_stock	19.00 RON	new	no
PF-CAIS-020	Cais Mari Timpurii	Cais Mari Timpurii este un soi apreciat pentru coacerea foarte timpurie, fructele mari si rezistenta buna. Pomul are vigoare mijlocie spre mare si formeaza o coroana globuloasa si deasa. Intra rapid pe rod, de regula in aproximativ 2-3 ani de la plantare. Soiul este autofertil si poate fructifica fara prezenta obligatorie a altor polenizatori. Fructele sunt mari spre foarte mari, avand in general aproximativ 60-80 g sau chiar mai mult in conditii favorabile si in functie de portaltoi. Au forma sferica sau usor alungita, iar pielita este galben-portocalie, adesea imbujorata cu rosu pe partea expusa la soare. Pulpa este portocalie, zemoasa, aromata si neaderenta la sambure. Soiul prezinta rezistenta foarte buna la ger, precum si la principalele boli si daunatori ai caisului. Fructele se coc devreme, de regula in prima jumatate a lunii iunie, fiind printre primele caise ale sezonului. Portaltoiul utilizat este Mirobolan. Fructele sunt potrivite pentru consum proaspat si pentru procesare sub forma de sucuri, nectaruri si piureuri.	https://pomifructiferionline.ro/produse/cais-mari-timpurii/	https://pomifructiferionline.ro/images/pomi-fructiferi/cais/cais-mari-timpurii/cais-mari-timpurii-1.png	in_stock	19.00 RON	new	no
PF-CAIS-021	Cais Saturn	Cais Saturn este un soi romanesc valoros, omologat in anul 1979 la SCDP Marculesti, Calarasi. Pomul are vigoare mica, formeaza o coroana globuloasa si prezinta ramuri de schelet bine garnisite cu formatiuni de rod scurte, fructificand predominant pe buchete de mai. Soiul este autofertil si poate produce fructe fara prezenta obligatorie a altor soiuri polenizatoare, desi prezenta altor soiuri compatibile in apropiere poate contribui la cresterea productiei. Fructele sunt de marime mijlocie, au forma sferica si sunt usor turtite lateral. Pielita este galben-portocalie, acoperita cu pete sau puncte rosii pe partea expusa la soare. Pulpa este portocalie, ferma, potrivit de suculenta, cu gust foarte placut si echilibrat. Samburele este neaderent la pulpa, iar miezul este dulce. Soiul prezinta rezistenta buna la ger si la ingheturile de revenire din primavara, precum si toleranta ridicata la bolile specifice caisului. Fructele se coc de regula intre 10 si 20 iulie, in functie de zona geografica si conditiile climatice. Portaltoiul utilizat este Mirobolan. Fructele sunt potrivite pentru consum in stare proaspata si pentru procesare sub forma de sucuri, nectaruri si piureuri.	https://pomifructiferionline.ro/produse/cais-saturn/	https://pomifructiferionline.ro/images/pomi-fructiferi/cais/cais-saturn/cais-saturn-1.png	in_stock	19.00 RON	new	no
PF-CAIS-022	Cais Sulina	Cais Sulina este un soi romanesc obtinut la SCDP Marculesti prin incrucisarea hibrizilor Mr 31/25 x Mr 37/1. Pomul are vigoare mica si formeaza o coroana invers conica, cu ramuri de schelet bine garnisite, fiind potrivit pentru gradini medii si livezi cu densitate mai mare. Soiul este foarte productiv si bine adaptat conditiilor climatice din Romania. Este autofertil si poate produce fructe fara prezenta obligatorie a altor soiuri polenizatoare, desi prezenta altor soiuri compatibile poate contribui la cresterea productiei. Fructele sunt mari, au forma sferic-ovoida si sunt usor turtite lateral. Pielita este galben-portocalie, acoperita cu rosu aprins pe partea expusa la soare. Pulpa este portocalie, cu gust echilibrat dulce-acidulat si aroma placuta. Soiul prezinta rezistenta buna la ger si la principalele boli si daunatori specifici caisului. Recoltarea are loc de regula intre 15 si 25 iulie, in functie de zona si conditiile climatice. Portaltoiul utilizat este Mirobolan. Fructele sunt potrivite pentru consum proaspat si pentru procesare sub forma de sucuri, nectaruri si piureuri.	https://pomifructiferionline.ro/produse/cais-sulina/	https://pomifructiferionline.ro/images/pomi-fructiferi/cais/cais-sulina/cais-sulina-1.png	in_stock	19.00 RON	new	no
PF-CAIS-023	Cais Sungiant	Cais Sungiant este un soi originar din SUA, apreciat pentru aspectul comercial al fructelor, productivitatea ridicata si rezistenta foarte buna la transport. Pomul are vigoare mijlocie spre mare, port erect si intra timpuriu pe rod, producand constant si abundent. Soiul este partial autofertil, iar pentru obtinerea unor productii optime se recomanda plantarea alaturi de soiuri compatibile precum Dacia, Sulmona sau Rosii de Baneasa. Fructele sunt mari sau foarte mari, putand depasi 80-90 g, si au forma ovala sau usor alungita. Pielita este galben-portocalie intensa, iar pulpa portocalie este foarte ferma, crocanta, suculenta si neaderenta la sambure. Gustul este echilibrat, dulce-acidulat, cu aroma placuta. Datorita fermitatii ridicate, fructele rezista foarte bine la manipulare, transport si pastrare dupa recoltare. Soiul prezinta rezistenta buna la ger, seceta si bolile specifice caisului. Recoltarea are loc la inceputul lunii iulie, de regula intre 5 si 15 iulie. Portaltoiul utilizat este Mirobolan, iar fructele sunt potrivite atat pentru consum proaspat, cat si pentru procesare sub forma de sucuri, nectaruri si piureuri.	https://pomifructiferionline.ro/produse/cais-sungiant/	https://pomifructiferionline.ro/images/pomi-fructiferi/cais/cais-sungiant/cais-sungiant-1.png	in_stock	19.00 RON	new	no
PF-CAIS-024	Cais Valeria	Cais Valeria este un soi valoros, cu pom de vigoare mica si port usor deschis, caracterizat prin rodire precoce, in principal pe buchete de mai si ramuri mixte. Soiul prezinta rezistenta genetica la bolile specifice caisului si rezistenta buna la ger. Fructele sunt medii spre mari, cu o greutate de aproximativ 60-65 g, au forma sferic-alungita si o pielita galben-portocaliu deschis, cu stropi foarte fini de culoare rosie. Pulpa este suculenta, de consistenta buna, cu gust foarte placut si echilibrat, fiind neaderenta la sambure. Productia medie poate ajunge la aproximativ 30-35 kg per pom, la o densitate de aproximativ 624 pomi la hectar. Portaltoiul utilizat este Mirobolan. Fructele sunt potrivite pentru consum proaspat si pentru industrializare.	https://pomifructiferionline.ro/produse/cais-valeria/	https://pomifructiferionline.ro/images/pomi-fructiferi/cais/cais-valeria/cais-valeria-1.png	in_stock	19.00 RON	new	no
PF-CAIS-PORTOCALA	Cais Hibrid Portocala	Caisul Hibrid Portocala este un hibrid fructifer apreciat pentru aspectul spectaculos si productivitatea ridicata. Denumirea provizorie Portocala provine de la dimensiunea impresionanta si coloritul fructelor, care amintesc de o portocala. Pomul are vigoare medie spre mare, rodire precoce si fructifica preponderent pe buchete de mai. Este autofertil, iar prezenta altor soiuri de cais in apropiere poate contribui la cresterea productiei. Fructele sunt uriase, cu greutati de aproximativ 130-180 g, forma sferica si epiderma portocaliu stralucitor. Pulpa este dulce, foarte aromata si suculenta. Fructele prezinta o rezistenta foarte buna la transport si isi pastreaza bine fermitatea dupa recoltare. Maturitatea de recoltare este atinsa intre 15 si 25 iunie. Soiul prezinta rezistenta deosebita la ger si la principalele boli specifice caisului. Este potrivit pentru consum proaspat si industrializare. Pomii sunt altoiti pe portaltoi Mirobolan si se livreaza cu radacina libera.	https://pomifructiferionline.ro/produse/cais-hibrid-portocala/	https://pomifructiferionline.ro/images/pomi-fructiferi/cais/cais-hibrid-portocala/cais-hibrid-portocala-1.png	in_stock	19.00 RON	new	no
PF-NUC-001	Nuc Fernor	Nucul Fernor este un soi de origine franceza, apreciat pentru calitatea fructelor, productivitatea constanta si rezistenta foarte buna la boli si daunatori, in special la antracnoza. Pomul are vigoare medie si o crestere mai controlata comparativ cu alte soiuri de nuc, fiind potrivit atat pentru plantatii comerciale, cat si pentru gradini si livezi de dimensiuni mai reduse. Intra relativ devreme pe rod si ofera productii constante in conditii bune de cultura. Fructele sunt de dimensiuni medii spre mari, au coaja subtire si un miez consistent, cu gust dulce si usor uleios. Miezul se extrage usor din coaja, ceea ce faciliteaza consumul si prelucrarea. Fructele sunt potrivite pentru consum in stare proaspata, produse de patiserie, deserturi si obtinerea de ulei. Soiul prefera solurile fertile si bine drenate si necesita o expunere buna la soare. Prezinta rezistenta la temperaturi scazute de pana la aproximativ -20°C si o buna adaptabilitate la diverse conditii climatice. Recoltarea are loc in perioada septembrie-octombrie.	https://pomifructiferionline.ro/produse/nuc-fernor/	https://pomifructiferionline.ro/images/pomi-fructiferi/nuc/nuc-fernor/nuc-fernor-1.png	in_stock	35.00 RON	new	no
PF-NUC-002	Nuc Rubin	Nuc Rubin este un soi de nuc deosebit, apreciat pentru productivitatea ridicata si calitatea superioara a fructelor. Pomul este viguros si se adapteaza la diverse conditii climatice, fiind potrivit atat pentru gradini, cat si pentru livezi. Fructele sunt mari si atractive, cu o coaja subtire si neteda, usor de deschis. Caracteristica distinctiva a soiului este miezul de culoare rubinie, cu aroma intensa si gust savuros, bogat in uleiuri naturale. Nucile sunt excelente pentru consum proaspat, preparate culinare si conservare. Soiul prefera solurile fertile si bine drenate si o expunere buna la soare. Prezinta rezistenta buna la boli si daunatori si suporta temperaturi de pana la -20°C. Perioada de coacere si recoltare este in lunile septembrie-octombrie.	https://pomifructiferionline.ro/produse/nuc-rubin/	https://pomifructiferionline.ro/images/pomi-fructiferi/nuc/nuc-rubin/nuc-rubin-1.png	in_stock	35.00 RON	new	no
PF-NUC-003	Nuc Lara	Nuc Lara este un soi de origine franceza, apreciat pentru fructele mari, productivitatea ridicata si rezistenta buna la boli si daunatori. Pomul are o crestere moderata si formeaza o coroana larga si bine ramificata, fiind potrivit pentru gradini de dimensiuni medii si mari, dar si pentru plantatii comerciale. Fructele sunt mari, rotunde si au o coaja subtire, fiind usor de spart. Miezul este consistent, dens si placut, cu aroma delicata si gust usor dulce. Nucile sunt potrivite pentru consum proaspat, deserturi, patiserie si diverse preparate culinare. Soiul prezinta rezistenta naturala buna la principalele boli si daunatori, inclusiv la antracnoza. Nuc Lara prefera solurile fertile si bine drenate si necesita o expunere buna la soare pentru dezvoltarea unei productii de calitate. Prezinta rezistenta la temperaturi scazute de pana la aproximativ -20°C. Fructele ajung la maturitate in perioada septembrie-octombrie.	https://pomifructiferionline.ro/produse/nuc-lara/	https://pomifructiferionline.ro/images/pomi-fructiferi/nuc/nuc-lara/nuc-lara-1.png	in_stock	35.00 RON	new	no
PF-NUC-004	Nuc Tulare	Nuc Tulare este un soi de origine americana, dezvoltat in California si apreciat pentru productivitatea ridicata, fructificarea timpurie si regulata si calitatea superioara a fructelor. Pomul este viguros si formeaza o coroana echilibrata, fiind potrivit atat pentru livezi comerciale, cat si pentru gradini. Fructele sunt de dimensiuni medii spre mari, au forma ovala si o coaja de grosime medie, usor de spart. Miezul este de culoare deschisa, consistent, cu textura ferma si gust dulceag si aromat, oferind un randament bun de miez. Nucile sunt potrivite pentru consum proaspat si pentru diverse preparate culinare. Soiul prezinta rezistenta buna la principalele boli si daunatori ai nucului, inclusiv bacterioza si antracnoza. Nuc Tulare prefera solurile fertile si bine drenate si amplasamentele cu soare din plin. Prezinta rezistenta la temperaturi de pana la aproximativ -20°C. Fructele ajung la maturitate si se recolteaza in perioada septembrie-octombrie.	https://pomifructiferionline.ro/produse/nuc-tulare/	https://pomifructiferionline.ro/images/pomi-fructiferi/nuc/nuc-tulare/nuc-tulare-1.png	in_stock	35.00 RON	new	no
PF-NUC-005	Nuc Gigantic Rusesc	Nuc Gigantic Rusesc este un soi de nuc apreciat pentru productivitatea ridicata, fructele mari si adaptabilitatea buna la conditii climatice variate. Pomul are o crestere viguroasa si rapida, putand ajunge la aproximativ 8-10 metri la maturitate si formand o coroana larga si bogata. Fructele sunt mari, de forma ovala, cu coaja subtire si usor de deschis. Miezul este consistent, dulce si aromat, bogat in uleiuri naturale si se desprinde usor din coaja. Nucile sunt potrivite pentru consum in stare proaspata, preparate culinare si obtinerea uleiului de nuca. Soiul prezinta rezistenta buna la boli si daunatori si suporta temperaturi de pana la -25°C, fiind potrivit inclusiv pentru regiuni cu ierni mai aspre. Pentru dezvoltare si productie optima prefera amplasamente insorite si soluri fertile, bine drenate. Fructele ajung la maturitate in perioada septembrie-octombrie.	https://pomifructiferionline.ro/produse/nuc-gigantic-rusesc/	https://pomifructiferionline.ro/images/pomi-fructiferi/nuc/nuc-gigantic-rusesc/nuc-gigantic-rusesc-1.png	in_stock	35.00 RON	new	no
PF-NUC-006	Nuc Negru Noongerad	Nucul Negru Noongerad este un arbore exotic si impunator, apreciat atat pentru aspectul decorativ, cat si pentru fructele sale caracteristice. Arborele poate ajunge la maturitate pana la aproximativ 30 m inaltime si formeaza o coroana mare, globuloasa, care ofera umbra generoasa. Fructele sunt drupe globuloase, mari, de aproximativ 4-5 cm, cu un invelis exterior verde-maroniu care devine negru la maturitate. Soiul prezinta o adaptabilitate foarte buna la diferite conditii de mediu si o buna rezistenta la frig. Se dezvolta cel mai bine in soluri umede, lutoase si bine drenate, cu reactie usor acida. Poate fi plantat atat in locuri insorite, cat si in semiumbra. Perioada de inflorire este mai-iunie, iar fructele ajung la maturitate in luna octombrie. Datorita dimensiunilor mari la maturitate, se recomanda o distanta de plantare de aproximativ 8 x 8 m.	https://pomifructiferionline.ro/produse/nuc-negru-noongerad/	https://pomifructiferionline.ro/images/pomi-fructiferi/nuc/nuc-negru-noongerad/nuc-negru-noongerad-1.png	in_stock	35.00 RON	new	no
PF-NUC-008	Nuc Fernette	Nuc Fernette este un soi francez obtinut in anul 1993 prin hibridarea soiurilor Franquette si Lara. Pomul are vigoare mijlocie, tendinta de crestere verticala si poate ajunge la aproximativ 15-22 m inaltime, in functie de sistemul de formare si taierile aplicate. Inflorirea este foarte tarzie, de regula intre 25 aprilie si 5 mai. Soiul are inflorire protogina, florile femele deschizandu-se inaintea celor masculine, iar fructificarea este laterala. Fernette produce o cantitate foarte mare de polen, fiind un polenizator foarte bun pentru Fernor. Fructele au forma rotunda, greutate medie de aproximativ 11-12 g, inaltime de 32-36 mm si diametru de 27-32 mm. Coaja este foarte dura, dar permite extragerea miezului in stare buna. Miezul este deschis la culoare, de calitate foarte buna, iar randamentul la decojire este de aproximativ 40-46%. Productivitatea poate ajunge la aproximativ 6-8 kg per pom in anul 5 si 16-20 kg per pom in anul 10, in functie de densitate, fertilizare, irigare si tehnologia aplicata. Soiul prezinta rezistenta foarte buna la foc bacterian si antracnoza. Recoltarea are loc intre 1 si 10 octombrie. Portaltoiul utilizat este Juglans Regia L.	https://pomifructiferionline.ro/produse/nuc-fernette/	https://pomifructiferionline.ro/images/pomi-fructiferi/nuc/nuc-fernette/nuc-fernette-1.png	in_stock	35.00 RON	new	no
PF-NUC-009	Nuc Pecan	Nucul Pecan, Carya illinoinensis, este un pom fructifer viguros si longeviv, apreciat pentru fructele sale deosebite. Nucile au forma alungita, coaja relativ subtire si un miez fin, dulce si aromat, bogat in grasimi sanatoase. Pomul are vigoare mare si formeaza la maturitate o coroana ampla, motiv pentru care necesita suficient spatiu pentru dezvoltare. Se dezvolta cel mai bine in locuri insorite si prefera solurile fertile, profunde si bine drenate. Pomii maturi prezinta o buna rezistenta la frig, in timp ce exemplarele tinere trebuie protejate de gerurile puternice. Pentru obtinerea unor productii bune este recomandata plantarea a cel putin doua soiuri compatibile, deoarece polenizarea incrucisata imbunatateste legarea fructelor. Distanta de plantare recomandata este in general de aproximativ 8-10 m, in functie de soi si sistemul de cultura. Nucul Pecan este un arbore longeviv, capabil sa traiasca si sa produca timp de multe zeci de ani, fiind potrivit pentru livezi si gradini spatioase.	https://pomifructiferionline.ro/produse/nuc-pecan/	https://pomifructiferionline.ro/images/pomi-fructiferi/nuc/nuc-pecan/nuc-pecan-1.png	in_stock	35.00 RON	new	no
PF-NUC-010	Nuc Miroslava	Nuc Miroslava este un soi romanesc originar din Iasi, omologat in anul 1994 si apreciat pentru calitatea foarte buna a fructelor. Nucile sunt mari, avand o greutate medie de aproximativ 14.5 g, forma usor alungita si culoare galben-maronie. Coaja este subtire si se sparge usor, facilitand extragerea miezului. Miezul are un aspect atractiv, se extrage cu usurinta si se remarca prin gustul foarte aromat si textura crocanta. Soiul ajunge la maturitate timpuriu, fructele fiind recoltate de regula in prima decada a lunii septembrie. Nuc Miroslava este un soi valoros pentru gradini si livezi, fiind apreciat pentru dimensiunea fructelor, calitatea miezului si recoltarea timpurie.	https://pomifructiferionline.ro/produse/nuc-miroslava/	https://pomifructiferionline.ro/images/pomi-fructiferi/nuc/nuc-miroslava/nuc-miroslava-1.png	in_stock	35.00 RON	new	no
PF-NUC-011	Nuc Geoagiu 65	Nuc Geoagiu 65 este un soi romanesc obtinut la SCDP Geoagiu, judetul Hunedoara, de N. Meza si I. Gh. Deaconu prin selectie din populatiile locale de nuc si introdus in cultura in anul 1979. Pomul are vigoare sub-mijlocie si formeaza o coroana piramidala, rasfirata si bine luminata, cu ramuri de schelet lungi si formatiuni de rod mixte. Infloreste la sfarsitul lunii aprilie, iar inflorirea este de tip protogin, necesitand prezenta unui soi polenizator compatibil precum Jupanesti, Sarmis, Roxana, SecularRM, Mihaela, Sibisel Precoce, Sibisel 44, Orastie sau Argesean. Soiul este rezistent la ger si intra pe rod in anul 5-6 de la plantare. Productia la maturitate poate ajunge la aproximativ 2200 kg/ha. Fructele sunt mari, cu o greutate medie de aproximativ 14 g, echivalentul a aproximativ 71 fructe/kg. Coaja este cafeniu deschis, subtire, usor valurata, cu sudura buna a valvelor si se sparge usor. Miezul reprezinta aproximativ 50% din greutatea fructului, este alb-galbui, cu tegument galben-pai, se extrage usor si poate fi scos intreg. Gustul este placut si aromat. Recoltarea are loc intre 15 si 30 septembrie. Fructele sunt potrivite pentru consum in stare proaspata si pentru prelucrare.	https://pomifructiferionline.ro/produse/nuc-geoagiu-65/	https://pomifructiferionline.ro/images/pomi-fructiferi/nuc/nuc-geoagiu-65/nuc-geoagiu-65-1.png	in_stock	35.00 RON	new	no
PF-NUC-012	Nuc Jupanesti	Nuc Jupanesti este un soi romanesc de nuc, de vigoare mijlocie spre mare, cu coroana cilindro-conica. Tipul de fructificare este terminal, iar inflorirea este semi-tardiva si de tip protandru. Pentru o polenizare corespunzatoare necesita prezenta unui soi compatibil. Intra pe rod incepand din anul 4 si produce mult si constant. Fructele sunt de marime medie, cu o greutate de aproximativ 11 g, forma eliptic-alungita si varf destul de ascutit. Endocarpul se sparge usor, iar miezul poate fi extras in jumatati sau intreg. Randamentul in miez este de aproximativ 51%. Maturarea fructelor are loc in decadele a doua si a treia ale lunii septembrie. Soiul prezinta rezistenta buna la ger si se comporta satisfacator la atacul de bacterioza si antracnoza. Este recomandat pentru cultura in toate zonele, cu aport de apa prin irigare, datorita productivitatii ridicate si calitatii bune a fructelor.	https://pomifructiferionline.ro/produse/nuc-jupanesti/	https://pomifructiferionline.ro/images/pomi-fructiferi/nuc/nuc-jupanesti/nuc-jupanesti-1.png	in_stock	35.00 RON	new	no
PF-NUC-013	Nuc Valcor	Nuc Valcor este un soi romanesc obtinut prin selectie din populatiile de nuc din Valcea si omologat ca soi nou la Statiunea de Cercetare-Dezvoltare pentru Pomicultura Valcea in anul 1999. Pomul este viguros, intra timpuriu pe rod si produce constant. Prezinta rezistenta buna la ger, seceta si boli. Inflorirea este semitardiva, de tip protandru, florile masculine inflorind inaintea celor femele si producand o cantitate mare de polen. Pentru o polenizare buna sunt recomandate soiurile Geoagiu 65, Germisara, Jupanesti, Mihaela si Orastie. Fructele sunt supramijlocii, cu o greutate medie de aproximativ 12.8 g, echivalentul a aproximativ 78 fructe/kg, si au forma larg eliptica. Coaja este de culoare crem, subtire, neteda, bogat ornamentata si se sparge usor in mana. Miezul este alb-galbui, cu tegument galbui, umple bine cavitatea valvelor si se extrage usor intreg. Randamentul in miez este de aproximativ 51-52%. Miezul este atractiv, aromat si cu gust bun. Fructele ajung la maturitate in a doua decada a lunii septembrie.	https://pomifructiferionline.ro/produse/nuc-valcor/	https://pomifructiferionline.ro/images/pomi-fructiferi/nuc/nuc-valcor/nuc-valcor-1.png	in_stock	35.00 RON	new	no
PF-NUC-012	Nuc Marele Moldovenesc	Nuc Marele Moldovenesc este un soi de nuc de vigoare mare, impresionant prin dimensiunea fructelor, acestea fiind printre cele mai mari din gama nucilor selectionate. Pomul are o dezvoltare viguroasa si robusta, formeaza in timp o coroana ampla si poate oferi o zona generoasa de umbra. Fructele sunt foarte mari, au forma alungita si coaja groasa, care protejeaza bine miezul. Miezul este plin, aromat si gustos, fiind potrivit pentru consum in stare proaspata si pentru diverse preparate culinare. Soiul se remarca prin rezistenta buna la ger si seceta si prin capacitatea de a oferi recolte bogate. Datorita vigorii mari, este recomandat pentru gradini spatioase si livezi unde pomul dispune de suficient spatiu pentru dezvoltare.	https://pomifructiferionline.ro/produse/nuc-marele-moldovenesc/	https://pomifructiferionline.ro/images/pomi-fructiferi/nuc/nuc-marele-moldovenesc/nuc-marele-moldovenesc-1.png	in_stock	35.00 RON	new	no
PF-GUTUI-001	Gutui Adonia	Gutui Adonia este un soi apreciat pentru timpurietatea sa, intrarea rapida pe rod si calitatea deosebita a fructelor. Pomii pot incepe sa infloreasca inca din al doilea an de la plantare, permitand obtinerea timpurie a productiei. Fructele sunt de marime medie si se remarca prin pielita neteda, fara pubescenta, de culoare galben-pai lucios si uniform. Pulpa este crocanta, cu textura fina si fara sclereide, caracteristica ce contribuie la o calitate foarte buna pentru consum. Fructele sunt potrivite atat pentru consum proaspat, cat si pentru procesare. Pentru dezvoltare si fructificare corespunzatoare, soiul prefera solurile fertile si bine drenate si amplasamentele insorite. Deoarece inflorirea este timpurie, este recomandata monitorizarea temperaturilor din primavara, deoarece fluctuatiile bruste si ingheturile tarzii pot influenta legarea fructelor.	https://pomifructiferionline.ro/produse/gutui-adonia/	https://pomifructiferionline.ro/images/pomi-fructiferi/gutui/gutui-adonia/gutui-adonia-1.png	in_stock	19.00 RON	new	no
PF-GUTUI-002	Gutui de Husi	Gutui de Husi este un soi autohton romanesc foarte vechi, originar din centrul pomicol Husi si foarte bine adaptat conditiilor climatice din Romania. Pomul este viguros, cu o coroana globuloasa sau invers-conica, destul de deasa, si intra repede pe rod, adesea in anul 2-3 de la plantare. Soiul este productiv si prezinta o rezistenta exceptionala la ger si seceta, precum si o rezistenta foarte buna la boli si daunatori. Fructele sunt mijlocii spre mari, cu o greutate de aproximativ 300 g si pot ajunge pana la 500 g in conditii optime. Forma este maliforma, asemanatoare marului, cu coaste largi si rotunjite. Pielita este galben-aurie si poate prezenta numeroase puncte verzui. Pulpa este galben-albicioasa, crocanta, foarte aromata si aproape fara sclereide. Gustul este dulce-acrisor, cu o usoara astringenta la recoltare, care se diminueaza pe perioada pastrarii. Datorita pulpei ferme, fructele rezista bine la manipulare si transport. Recoltarea are loc in luna octombrie, iar fructele pot fi pastrate pentru consum sau procesare pana in luna ianuarie. Sunt potrivite pentru consum proaspat, dulceata, compot si alte produse procesate. Pomii sunt altoiti pe portaltoi Gutui A si se livreaza cu radacina libera.	https://pomifructiferionline.ro/produse/gutui-de-husi/	https://pomifructiferionline.ro/images/pomi-fructiferi/gutui/gutui-de-husi/gutui-de-husi-1.png	in_stock	19.00 RON	new	no
PF-TAY-001	Tayberry	Tayberry este un hibrid spectaculos intre zmeur si mur, apreciat pentru fructele foarte mari de 4-5 cm, gustul complex si aromat, productivitatea ridicata si rezistenta foarte buna la ger.	https://pomifructiferionline.ro/produse/tayberry/	Plantati Tayberry intr-un loc insorit sau cu semiumbra, intr-un sol fertil, bine drenat si moderat umed. Pastrati o distanta de minimum 1 m intre plante. Deoarece formeaza tulpini viguroase si semitaratoare, de 1,5-2 m sau mai mult, este recomandata palisarea pe araci sau sarme. Udati regulat in perioadele secetoase, in special in perioada de crestere si fructificare. Dupa recoltare, eliminati tulpinile care au fructificat si dirijati lastarii noi pe sistemul de sustinere.	in_stock	19.00 RON	new	no
PF-ZME-001	Zmeur Raspberry Tower	Zmeurul Columnar Raspberry Tower este o varietate inovatoare cu crestere verticala, ideala pentru spatii mici, terase sau gradini moderne. Datorita portului columnar si compact, planta formeaza o coloana eleganta incarcata cu fructe. La maturitate ajunge la aproximativ 1,5-2 m. Fructele sunt medii spre mari, uniforme, de culoare rosu intens, suculente, dulci si aromate, fiind potrivite pentru consum proaspat, deserturi, dulceturi sau sucuri naturale. Perioada de recoltare este iunie-august. Soiul este autofertil si nu necesita polenizatori suplimentari. Prefera expunerea la soare si solurile fertile, bine drenate, usor acide, cu pH 5,5-6,5. Prezinta rezistenta buna la boli si temperaturi scazute. Se preteaza foarte bine pentru cultivarea in ghivece, dar si direct in gradina, ocupand spatiu redus.	https://pomifructiferionline.ro/produse/zmeur-raspberry-tower/	https://pomifructiferionline.ro/images/arbusti-fructiferi/zmeur/zmeur-raspberry-tower/zmeur-raspberry-tower-1.png	in_stock	19.00 RON	new	no
PF-ZME-002	Rubus Black Jewel	Rubus Black Jewel este un soi remarcabil, recunoscut pentru fructele sale unice de culoare violet-negru stralucitoare si pentru aroma intensa, mult mai bogata decat a zmeurei rosii clasice. Originar din America de Nord si perfectionat prin selectii profesionale, acest arbust fructifer este foarte viguros si rezistent. La maturitate ajunge la aproximativ 1,5-2 m inaltime si formeaza tulpini arcuite, viguroase, cu frunzis verde intens. Inflorirea are loc in lunile mai-iunie, cand produce flori albe atractive pentru polenizatori. Aspectul decorativ este accentuat de abundenta fructelor inchise la culoare. Datorita vigorii sale, este potrivit pentru formarea unor garduri vii fructifere sau pentru plantarea in zonele de productie fructifera ale gradinii.	https://pomifructiferionline.ro/produse/rubus-black-jewel/	https://pomifructiferionline.ro/images/arbusti-fructiferi/zmeur/rubus-black-jewel/rubus-black-jewel-1.png	in_stock	19.00 RON	new	no
PF-NEC-001	Nectarin Red Gold	Nectarinul Red Gold (Prunus persica var. nectarina 'Red Gold') este o varietate apreciata pentru calitatea fructelor si usurinta cultivarii. Pomul are vigoare medie spre mare, este productiv si ofera recolte bune si constante. Soiul este autofertil, astfel ca nu necesita polenizatori suplimentari pentru fructificare. Fructele sunt mari, cu pielita neteda si stralucitoare, de culoare galbena acoperita de nuante rosii sau portocalii. Pulpa este galbena, suculenta, dulce si intens aromata, fiind potrivita pentru consum proaspat, deserturi sau procesare. Fructele sunt de tip freestone, ceea ce inseamna ca pulpa se separa usor de sambure. Nectarinele prezinta o capacitate buna de pastrare si rezista bine la manipulare si transport. Pomul prefera amplasamentele insorite si solurile fertile, bine drenate. Maturitatea de recoltare este atinsa in luna august.	https://pomifructiferionline.ro/produse/nectarin-red-gold/	https://pomifructiferionline.ro/images/pomi-fructiferi/nectarin/nectarin-red-gold/nectarin-red-gold-1.png	in_stock	19.00 RON	new	no
PF-NEC-002	Nectarin Liana	Nectarinul Liana este un soi romanesc de sezon timpuriu, apreciat pentru fructele atragatoare si gustul fin. Fructele sunt medii, sferice, cu aspect comercial si coaja lucioasa, rosu intens pe fond galben. Pulpa este galbena, suculenta, dulce, usor acidulata si aromata, slab aderenta la sambure. Este potrivit atat pentru consum in stare proaspata, cat si pentru procesare. Pomul este altoit pe portaltoi Piersic franc, are o dezvoltare echilibrata, este rezistent si adaptabil, fiind potrivit pentru plantatii familiale si profesionale. Inflorirea este medie, iar fructele ajung la maturitate in jurul jumatatii lunii iulie. Soiul este autofertil si nu necesita polenizator. Intra timpuriu pe rod, incepand din anul 3, si prezinta o productivitate foarte buna si constanta.	https://pomifructiferionline.ro/produse/nectarin-liana/	https://pomifructiferionline.ro/images/pomi-fructiferi/nectarin/nectarin-liana/nectarin-liana-1.png	in_stock	19.00 RON	new	no
PF-NEC-003	Nectarin Liviu	Nectarinul Liviu este un soi de origine romaneasca, caracterizat prin vigoare mica si port pitic. Fructele ajung la maturitate intre 5 si 20 august. Sunt de dimensiuni mici, cu o greutate de aproximativ 60-90 g si forma sferic-alungita. Pielita este glabra, fara peri, galben-orange pe partea umbrita si rosu visiniu intens pe partea insorita, culoarea rosie acoperind aproximativ 80-90% din suprafata fructului. Pulpa este galben-orange, de consistenta medie, suculenta si neaderenta la sambure. Gustul este dulce si aromat. Fructele sunt recomandate in special pentru consum in stare proaspata. Datorita vigorii reduse, pomul este potrivit si pentru gradini in care spatiul disponibil este limitat.	https://pomifructiferionline.ro/produse/nectarin-liviu/	https://pomifructiferionline.ro/images/pomi-fructiferi/nectarin/nectarin-liviu/nectarin-liviu-1.png	in_stock	19.00 RON	new	no
PF-NEC-004	Nectarin Melania	Nectarinul Melania este un soi romanesc de nectarin pitic, caracterizat prin vigoare mica si fructe de calitate superioara. Fructele se coc in perioada 5-20 august si au o greutate de aproximativ 90-100 g, fiind de marime mijlocie spre mare. Au forma sferic-alungita si pielita glabra, complet lipsita de peri. Culoarea este galben-orange pe partea umbrita si rosu aprins pe aproximativ 80-90% din suprafata expusa la soare. Pulpa este galben-orange, fina, consistenta si neaderenta la sambure. Gustul este echilibrat, dulce si aromat. Datorita vigorii mici, pomul este potrivit pentru gradini cu spatiu limitat, iar fructele sunt excelente pentru consum in stare proaspata.	https://pomifructiferionline.ro/produse/nectarin-melania/	https://pomifructiferionline.ro/images/pomi-fructiferi/nectarin/nectarin-melania/nectarin-melania-1.png	in_stock	19.00 RON	new	no
PF-NEC-005	Nectarin Sweet Lady	Nectarin Sweet Lady este un soi autofertil de nectarin tarziu, cu pom de vigoare mijlocie si productivitate foarte ridicata. Fructele sunt foarte mari, avand aproximativ 175-250 g. Pielita este lucioasa, galbena pe partea umbrita si rosu rubiniu pe partea insorita, culoarea rosie acoperind peste 70% din suprafata fructului. Pulpa este galbena, foarte dulce, usor acidulata, aromata, crocanta si neaderenta la sambure. Fructele sunt excelente pentru consum in stare proaspata, dar pot fi utilizate si pentru procesare, inclusiv pentru compot, dulceata, gem, sucuri si nectaruri. Perioada de recoltare este cuprinsa intre 20 august si 5 septembrie.	https://pomifructiferionline.ro/produse/nectarin-sweet-lady/	https://pomifructiferionline.ro/images/pomi-fructiferi/nectarin/nectarin-sweet-lady/nectarin-sweet-lady-1.png	in_stock	19.00 RON	new	no
PF-NEC-006	Nectarin Delta	Delta este un soi de nectarin obtinut in Romania, apreciat pentru maturarea timpurie si calitatea fructelor. Pomul este altoit pe portaltoi Piersic franc, are vigoare buna, intra repede pe rod si este potrivit pentru plantatii familiale sau comerciale. Inflorirea este timpurie, iar fructele ajung la maturitate de la sfarsitul lunii iunie pana la inceputul lunii iulie. Fructele sunt medii spre mari, de forma sferica, cu pielita rosu intens pe aproape toata suprafata. Pulpa este galbena, dulce, suculenta si slab aderenta la sambure, cu un gust foarte placut si echilibrat. Soiul este autofertil si nu necesita polenizator. Intra pe rod devreme, incepand din anul 3, si prezinta o productivitate foarte buna si constanta. Are rezistenta ridicata la boli specifice precum monilioza si basicarea frunzelor si prezinta toleranta la seceta.	https://pomifructiferionline.ro/produse/nectarin-delta/	https://pomifructiferionline.ro/images/pomi-fructiferi/nectarin/nectarin-delta/nectarin-delta-1.png	in_stock	19.00 RON	new	no
PF-NEC-007	Nectarin Plat Jared	Nectarinul plat Jared este un soi apreciat pentru fructele sale plate si aspectuoase, cu coaja neteda, fara puf, colorata in rosu intens pana la rosu-visiniu pe cea mai mare parte a suprafetei. Fructele cantaresc in general aproximativ 100-150 g, in conditii bune de cultura. Pulpa este alba-crem, fina, foarte suculenta si aromata, cu gust dulce si echilibrat, iar samburele este relativ mic comparativ cu dimensiunea fructului. Maturarea are loc in perioada iulie-august, in functie de zona si conditiile climatice. Pomul are vigoare medie spre ridicata si productivitate buna si constanta. Prefera pozitiile insorite si solurile fertile, bine drenate. Fructele sunt excelente pentru consum proaspat, iar forma plata si coloritul intens le confera un aspect comercial foarte atractiv.	https://pomifructiferionline.ro/produse/nectarin-plat-jared/	https://pomifructiferionline.ro/images/pomi-fructiferi/nectarin/nectarin-plat-jared/nectarin-plat-jared-1.png	in_stock	19.00 RON	new	no
PF-NEC-008	Nectarin Plat Sweet Taste	Nectarinul plat Sweet Taste este apreciat pentru fructele sale plate si aspectuoase, cu coaja neteda, fara puf, predominant rosie, cu nuante galben-aurii. Fructele cantaresc in general aproximativ 100-150 g in conditii bune de cultura si se coc in perioada iulie-august, in functie de zona si conditiile climatice. Pulpa este galbena-aurie, ferma, fina si foarte suculenta. Gustul este dulce, aromat si placut, cu aciditate redusa la maturitate. Forma plata si turtita, impreuna cu coloritul intens, ofera fructelor un aspect comercial deosebit. Pomul are productivitate buna si poate rodi constant atunci cand este corect intretinut. Fructele sunt excelente pentru consum proaspat, dar pot fi utilizate si pentru deserturi si alte preparate din fructe.	https://pomifructiferionline.ro/produse/nectarin-plat-sweet-taste/	https://pomifructiferionline.ro/images/pomi-fructiferi/nectarin/nectarin-plat-sweet-taste/nectarin-plat-sweet-taste-1.png	in_stock	19.00 RON	new	no
PF-NEC-009	Nectarin Romamer 2	Nectarinul Romamer 2 este un soi apreciat pentru fructele sale rotunde, regulate si aspectuoase, cu o greutate de aproximativ 120-180 g, fructele bine dezvoltate putand ajunge la calibre mai mari. Coaja este neteda, fara puf, cu fond galben-portocaliu acoperit in mare parte de rosu intens. Pulpa este galbena, ferma, suculenta si aromata, iar gustul este dulce si placut, cu un bun echilibru intre zahar si aciditate. Perioada de coacere este in general iulie-august, in functie de zona si conditiile climatice. Pomul are o productivitate buna in conditii corespunzatoare de cultura. Fructele sunt foarte bune pentru consum proaspat, dar pot fi utilizate si pentru deserturi, compoturi si alte preparate. Datorita aspectului intens colorat, calibrului bun si pulpei galbene si gustoase, soiul este interesant si pentru comercializare.	https://pomifructiferionline.ro/produse/nectarin-romamer-2/	https://pomifructiferionline.ro/images/pomi-fructiferi/nectarin/nectarin-romamer-2/nectarin-romamer-2-1.png	in_stock	19.00 RON	new	no
PF-NEC-010	Nectarin Sanguine	Nectarinul Sanguine se remarca prin aspectul spectaculos al fructelor, in special prin pulpa intens pigmentata in rosu pana la rosu-visiniu. Fructele au in general o greutate de aproximativ 100-160 g, variabila in functie de incarcatura pomului si conditiile de cultura. Forma este rotunda, usor ovala, iar coaja este neteda, fara puf, in nuante de rosu inchis pana la visiniu. Pulpa este suculenta, puternic aromata si intens colorata, iar gustul este dulce-acrisor, pronuntat si aromat. Perioada de coacere este de regula iulie-august, in functie de climat si amplasament. Pomul are o productivitate buna si poate fructifica regulat in conditii corespunzatoare de cultura. Fructele sunt excelente pentru consum proaspat, dar si pentru sucuri, gemuri, dulceturi si deserturi, unde culoarea intensa a pulpei ofera un aspect foarte atractiv.	https://pomifructiferionline.ro/produse/nectarin-sanguine/	https://pomifructiferionline.ro/images/pomi-fructiferi/nectarin/nectarin-sanguine/nectarin-sanguine-1.png	in_stock	19.00 RON	new	no
PF-PIE-001	Piersic Veteran	Piersicul Veteran este un pom de vigoare mijlocie, apreciat pentru fructele sale mari si gustul foarte dulce. Fructele au pielita galbena, cu o usoara coloratie rosiatica pe partea expusa la soare. Pulpa este galbena, suculenta si neaderenta la sambure, fiind potrivita pentru consum proaspat, deserturi, compoturi si alte preparate. Perioada de recoltare este cuprinsa intre 20 si 30 august. Pentru plantare se recomanda o distanta intre randuri de aproximativ 3,5-4,5 m, astfel incat pomii sa beneficieze de suficienta lumina. Groapa de plantare trebuie sa fie adaptata sistemului radicular, in general aproximativ 60x60 cm. Radacinile se fasoneaza inainte de plantare, iar cele subtiri se scurteaza usor. Se recomanda mocirlirea radacinilor pentru stimularea formarii de radacini noi si pentru protejarea celor ranite. Pomul se planteaza cu radacinile bine rasfirate, iar punctul de altoire trebuie sa ramana deasupra nivelului solului. Dupa plantare, pamantul se taseaza si se uda bine.	https://pomifructiferionline.ro/produse/piersic-veteran/	https://pomifructiferionline.ro/images/pomi-fructiferi/piersic/piersic-veteran/piersic-veteran-1.png	in_stock	19.00 RON	new	no
PF-PIE-002	Piersic Suncrest	Piersicul Suncrest este un soi clasic de origine americana, creat in California si apreciat pentru gustul sau autentic si echilibrat. Pomul are vigoare mare, crestere rapida si formeaza o coroana globuloasa, necesitand taieri regulate pentru mentinerea luminii in interiorul coroanei. Productivitatea este mijlocie spre mare si constanta, fiind recomandata rarirea fructelor pentru obtinerea unor calibre comerciale si pentru evitarea supraincarcarii ramurilor. Soiul este autofertil si nu necesita alte soiuri pentru polenizare. Fructele sunt mari spre foarte mari, de aproximativ 180-230 g, sferice, uneori usor asimetrice. Pielita are fond galben-portocaliu, acoperit in proportie de aproximativ 60-80% de rosu marmorat sau dungat, iar puful este fin. Pulpa este galbena, cu infiltratii rosiatice in jurul samburelui, ferma si suculenta, devenind topitoare la maturitate deplina. Gustul este dulce-aromat, intens, cu aciditate fina. Fructele sunt de tip freestone, samburele desprinzandu-se usor de pulpa. Rezistenta la transport este buna. Maturitatea se atinge in jurul mijlocului lunii august, in functie de zona si conditiile climatice. Portaltoiul utilizat este Mirobolan.	https://pomifructiferionline.ro/produse/piersic-suncrest/	https://pomifructiferionline.ro/images/pomi-fructiferi/piersic/piersic-suncrest/piersic-suncrest-1.png	in_stock	19.00 RON	new	no
PF-PIE-003	Piersic Red Top	Piersicul Red Top este un soi apreciat pentru adaptabilitate, rezistenta si productivitatea buna. Pomul se livreaza cu coroana proiectata, favorizand o dezvoltare structurata, iar in conditii bune de cultura poate intra rapid pe rod. Fructele sunt mari, cu pulpa zemoasa si aromata, potrivite pentru consum proaspat, deserturi, conserve si alte preparate. Perioada de recoltare este la sfarsitul lunii iulie si inceputul lunii august. Soiul este prezentat ca avand o buna adaptabilitate inclusiv in conditii mai putin favorabile si o rezistenta la temperaturi de pana la aproximativ -25 C. Perioada recomandata de plantare este octombrie-noiembrie si februarie-martie.	https://pomifructiferionline.ro/produse/piersic-red-top/	https://pomifructiferionline.ro/images/pomi-fructiferi/piersic/piersic-red-top/piersic-red-top-1.png	in_stock	19.00 RON	new	no
PF-PIE-004	Piersic Plat Remeny	Piersicul Plat Remeny este un soi de vigoare mijlocie, apreciat pentru productivitatea foarte buna si fructele sale plate si atractive. Fructele sunt de dimensiune medie spre mare, cu forma aplatizata si regulata, avand cavitatea pedunculara si cea pistilara usor adancite. Pielita prezinta o pubescenta fina, cu fond galben-verzui, acoperit cu rosu pe partea expusa la soare. Pulpa este alba, suculenta si dulce, fiind foarte placuta pentru consum in stare proaspata. Perioada de recoltare este in luna august. Fructele pot fi utilizate pentru consum proaspat, deserturi, compoturi si alte preparate. Soiul este potrivit pentru gradini si livezi in care se doreste un piersic productiv, cu fructe plate si gust placut.	https://pomifructiferionline.ro/produse/piersic-plat-remeny/	https://pomifructiferionline.ro/images/pomi-fructiferi/piersic/piersic-plat-remeny/piersic-plat-remeny-1.png	in_stock	19.00 RON	new	no
PF-PIE-005	Piersic Plat Florin	Piersicul Plat Florin este un soi romanesc obtinut la Statiunea de Cercetare-Dezvoltare pentru Pomicultura Constanta de catre ing. Liliana Melania Dumitru, prin autopolenizarea genotipului A130P si selectie riguroasa. Soiul a fost omologat in anul 2002. Pomul are vigoare mijlocie spre mare, port erect si inflorire abundenta si de lunga durata. Este autofertil si incepe sa fructifice din al doilea an de la plantare. Productia medie poate ajunge la aproximativ 25-27 tone/ha. Fructele au o greutate de aproximativ 120-150 g, forma plata si regulata, cu cavitatea pedunculara si cea pistilara usor adancite. Pulpa este galben-portocalie, crocanta si aromata. Samburele este plat, brun-deschis, cu brazde si cavitati. Fructele sunt potrivite atat pentru consum direct, cat si pentru prelucrare sub forma de compot, gem si nectar. Perioada de coacere este luna iulie.	https://pomifructiferionline.ro/produse/piersic-plat-florin/	https://pomifructiferionline.ro/images/pomi-fructiferi/piersic/piersic-plat-florin/piersic-plat-florin-1.png	in_stock	19.00 RON	new	no
PF-PIE-006	Piersic Amalia	Piersicul Amalia este un soi romanesc modern, obtinut la Statiunea de Cercetare-Dezvoltare pentru Pomicultura Baneasa prin incrucisarea soiurilor Roubidoux si Flacara si omologat in anul 2002. Pomul are vigoare mijlocie spre mare, formeaza o coroana globuloasa si prezinta ramuri de rod bine distribuite. Este un soi foarte productiv si constant, intrand repede pe rod, de regula in anul 2-3 de la plantare. Soiul este autofertil si nu necesita obligatoriu un alt polenizator, desi polenizarea incrucisata poate contribui la sporirea productiei. Prezinta rezistenta buna la ger si seceta si toleranta ridicata la boli specifice precum basicarea frunzelor. Fructele sunt mari, de aproximativ 170-180 g, sferice si usor turtite la polul apical. Epiderma este fina, de culoare galben-crem, acoperita pe mai mult de jumatate din suprafata de rosu stralucitor. Pulpa este alba, fina, suculenta si aromata, cu un echilibru foarte placut intre dulce si acidulat. Samburele este mic si neaderent, desprinzandu-se usor de pulpa. Fructele au o rezistenta buna la manipulare si transport pe distante medii. Maturarea are loc in a doua jumatate a lunii iulie, de regula intre 20 si 30 iulie. Portaltoiul utilizat este Mirobolan. Fructele sunt potrivite atat pentru consum proaspat, cat si pentru industrializare sub forma de compoturi, nectaruri si gemuri.	https://pomifructiferionline.ro/produse/piersic-amalia/	https://pomifructiferionline.ro/images/pomi-fructiferi/piersic/piersic-amalia/piersic-amalia-1.png	in_stock	19.00 RON	new	no
PF-PIE-007	Piersic Alexia	Piersicul Alexia este un soi romanesc obtinut la Statiunea de Cercetare-Dezvoltare pentru Pomicultura Baneasa din incrucisarea soiurilor Flacara si Marygold si omologat in anul 2002. Pomul are vigoare mijlocie spre mare si formeaza o coroana bine echilibrata, usor de intretinut prin taieri regulate. Soiul este foarte productiv si constant, intra rapid pe rod, de obicei din anul 2 de la plantare, si fructifica pe ramuri mixte. In anii cu incarcatura mare se recomanda rarirea fructelor pentru obtinerea unor calibre comerciale. Un pom matur poate produce aproximativ 30-50 kg de fructe, in functie de ingrijire si conditiile climatice. Soiul este autofertil, dar prezenta altor soiuri de piersic poate contribui la imbunatatirea productiei. Prezinta rezistenta buna la ger si toleranta ridicata la principalele boli specifice, precum basicarea si ciuruirea frunzelor. Fructele sunt mari, de aproximativ 150-200 g, sferice, usor asimetrice, cu cavitate pedunculara medie. Pielita are fond alb-crem si este acoperita in proportie de aproximativ 60-80% de rosu intens si stralucitor, cu pubescenta foarte fina. Pulpa este alb-crem, cu infiltratii rosiatice langa sambure, suculenta, aromata si echilibrata, cu gust dulce-acidulat. Pulpa este neaderenta la sambure. Fructele au fermitate buna si rezistenta moderata la manipulare si transport. Este un soi extratimpuriu, cu recoltare in a treia decada a lunii iunie, de regula intre 20 si 30 iunie. Portaltoiul utilizat este Mirobolan. Fructele sunt potrivite pentru consum proaspat si pentru industrializare sub forma de compoturi, sucuri, nectaruri si gemuri.	https://pomifructiferionline.ro/produse/piersic-alexia/	https://pomifructiferionline.ro/images/pomi-fructiferi/piersic/piersic-alexia/piersic-alexia-1.png	in_stock	19.00 RON	new	no
PF-PIE-008	Piersic Black Rubis	Piersicul Black Rubis este un soi deosebit, adesea confundat cu o nectarina datorita cojii netede si lipsite de puf. Pomul are vigoare mijlocie si port semi-erect, fiind usor de gestionat atat in livezi, cat si in gradini cu spatiu mai redus. Soiul este foarte productiv, rodeste abundent inca din primii ani si are o buna capacitate de regenerare a ramurilor de rod. Este autofertil si poate fructifica fara un alt soi polenizator. Prezinta rezistenta buna la ingheturile din timpul iernii si toleranta satisfacatoare la bolile fungice, fiind totusi recomandata atentie la monilioza in primaverile umede. Fructele sunt medii spre mari, de aproximativ 140-170 g, rotunde, regulate si simetrice. Pielita este neteda, fara puf, de culoare rosu-inchis pana la purpuriu-negricios pe aproape intreaga suprafata. Pulpa este galben-portocalie, fina si densa, cu usoare infiltratii rosiatice in jurul samburelui. Gustul este foarte dulce, intens aromat si cu aciditate scazuta, iar samburele este neaderent. Fructele au consistenta ferma si rezistenta foarte buna la manipulare, transport si depozitare. Recoltarea are loc de regula intre 10 si 20 iulie. Deoarece fructele se coloreaza devreme, este recomandata verificarea fermitatii si maturitatii inainte de recoltare. Portaltoiul utilizat este Mirobolan.	https://pomifructiferionline.ro/produse/piersic-black-rubis/	https://pomifructiferionline.ro/images/pomi-fructiferi/piersic/piersic-black-rubis/piersic-black-rubis-1.png	in_stock	19.00 RON	new	no
PF-PIE-009	Piersic Congres	Piersicul Congres este un soi foarte apreciat pentru echilibrul dintre productivitate si calitatea gustativa a fructelor. Pomul are vigoare mijlocie spre mare, formeaza o coroana sferica, bine ramificata si destul de deasa si se adapteaza bine la diferite tipuri de sol, cu conditia sa fie bine drenate. Soiul este foarte productiv si constant, formeaza numerosi muguri de rod si poate avea incarcaturi mari de fructe. In anii cu legare abundenta se recomanda rarirea manuala a fructelor atunci cand acestea sunt de dimensiunea unei alune, pentru obtinerea unor fructe mari si pentru reducerea riscului de rupere a ramurilor. Este autofertil si nu necesita un alt soi polenizator. Prezinta rezistenta buna la ger si rezistenta medie la principalele boli ale piersicului, precum basicarea frunzelor si monilioza. Fructele sunt mari, frecvent de aproximativ 180-220 g, cu forma sferica sau sferic-alungita si linie de sutura vizibila. Pielita are fond galben-auriu si este acoperita aproximativ pe jumatate de rosu sangeriu, cu pubescenta de grosime medie. Pulpa este galbena, cu usoare infiltratii rosiatice in jurul samburelui, foarte suculenta si dulce, cu aroma fina si aciditate bine echilibrata. Samburele este neaderent la maturitate. Fructele au rezistenta medie spre buna la transport si depozitare. Perioada de recoltare este in a doua decada a lunii august, de regula intre 10 si 20 august. Portaltoiul utilizat este Mirobolan. Fructele sunt potrivite pentru consum proaspat si pentru industrializare sub forma de compoturi, nectaruri si gemuri.	https://pomifructiferionline.ro/produse/piersic-congres/	https://pomifructiferionline.ro/images/pomi-fructiferi/piersic/piersic-congres/piersic-congres-1.png	in_stock	19.00 RON	new	no
PF-PIE-010	Piersic Flacara	Piersicul Flacara este unul dintre cele mai cunoscute soiuri romanesti, obtinut la SCDP Baneasa si apreciat pentru maturarea tarzie, vigoarea ridicata si dimensiunea impresionanta a fructelor. Pomul are vigoare mare, coroana globuloasa bine dezvoltata si ramuri de schelet puternice, necesitand spatiu suficient de crestere si taieri periodice, inclusiv taieri in verde, pentru mentinerea luminii in interiorul coroanei. Soiul este foarte productiv si echilibreaza cresterea vegetativa puternica prin recolte bogate si constante. Este autofertil si poate lega bine rod folosind propriul polen. Prezinta rezistenta buna la ger si adaptabilitate ridicata la conditiile climatice locale, avand o toleranta medie la bolile specifice piersicului. Fructele sunt foarte mari, frecvent de 200-250 g sau chiar mai mult, cu forma sferica sau usor alungita si linie de sutura bine marcata. Pielita are fond galben-portocaliu, acoperit in proportie de aproximativ 50-70% cu rosu viu, stralucitor, sub forma de pete si marmorari. Pulpa este galbena, cu usoare infiltratii rosii in jurul samburelui, foarte suculenta, densa si dulce, cu gust bine echilibrat. Samburele este neaderent si se desprinde complet de pulpa la maturitate. Datorita fermitatii bune, fructele au rezistenta foarte buna la transport si manipulare. Recoltarea are loc tarziu, de regula intre 25 august si 5 septembrie. Portaltoiul utilizat este Mirobolan. Fructele sunt potrivite pentru consum proaspat si pentru industrializare sub forma de compoturi, nectaruri si gemuri.	https://pomifructiferionline.ro/produse/piersic-flacara/	https://pomifructiferionline.ro/images/pomi-fructiferi/piersic/piersic-flacara/piersic-flacara-1.png	in_stock	19.00 RON	new	no
PF-PIE-011	Piersic Herastrau	Piersicul Herastrau este un soi romanesc omologat la SCDP Baneasa in anul 2006, apreciat pentru forma deosebita a fructelor, gustul intens si potentialul productiv ridicat. Pomul are vigoare mare si formeaza o coroana semietalata, cu ramuri de schelet bine garnisite cu formatii de rod scurte si mijlocii. Soiul este autofertil si nu necesita alti polenizatori pentru legarea fructelor. Prezinta rezistenta foarte buna la boli si adaptabilitate buna la conditii climatice dificile. Fructele sunt mari, cu greutate medie de aproximativ 180-250 g, de forma plata, sferic-trunchiata si usor costata. Pielita este galben-verzuie si partial acoperita cu rosu deschis, avand o textura fina, usor unsuroasa la atingere. Pulpa este galben-verzuie, foarte dulce, suculenta si aromata, iar samburele este neaderent. Fructele isi pastreaza bine consistenta si au o rezistenta satisfacatoare la manipulare. Maturitatea de recoltare este atinsa in prima jumatate a lunii august, de regula intre 10 si 15 august. Portaltoiul utilizat este Mirobolan. Fructele sunt potrivite pentru consum proaspat si pentru industrializare sub forma de compot si dulceata.	https://pomifructiferionline.ro/produse/piersic-herastrau/	https://pomifructiferionline.ro/images/pomi-fructiferi/piersic/piersic-herastrau/piersic-herastrau-1.png	in_stock	19.00 RON	new	no
PF-PIE-012	Piersica Galbena Tarzie	Piersica Galbena Tarzie este un hibrid autohton din categoria piersicilor premium, apreciat pentru productivitatea ridicata, rezistenta si maturarea tarzie. Pomul are vigoare medie, coroana globuloasa si ramuri viguroase, cu o crestere rapida in primii ani dupa plantare. Inflorirea relativ tarzie poate reduce riscul afectarii de brumele tarzii de primavara. Hibridul este autofertil si poate fructifica bine fara prezenta altor soiuri polenizatoare. Prezinta rezistenta foarte buna la ger si toleranta ridicata la seceta, fiind bine adaptat verilor calduroase. Fructele sunt mari spre foarte mari, de aproximativ 180-230 g, sferice, simetrice si bine conturate. Pielita este subtire, de culoare galben-auriu intens, cu puf fin si scurt. Pulpa este galbena, suculenta, consistenta si foarte dulce, cu aroma puternica. Datorita densitatii pulpei, fructele au o rezistenta excelenta la transport si pastrare si se inmoaie mai lent decat multe soiuri de vara. Recoltarea are loc tarziu, de regula intre 25 august si 10 septembrie. Portaltoiul utilizat este Mirobolan. Fructele sunt potrivite pentru consum proaspat si pentru prelucrare, in special pentru compot.	https://pomifructiferionline.ro/produse/piersica-galbena-tarzie/	https://pomifructiferionline.ro/images/pomi-fructiferi/piersic/piersica-galbena-tarzie/piersica-galbena-tarzie-1.png	in_stock	19.00 RON	new	no
PF-PIE-013	Piersic Royal Glory	Piersicul Royal Glory este unul dintre cele mai apreciate soiuri moderne cu pulpa galbena, remarcat prin aspectul comercial deosebit, productivitatea ridicata si gustul placut. Pomul are vigoare medie spre mare, capacitate buna de ramificare si port usor deschis, favorizand patrunderea luminii in coroana. Soiul este foarte productiv si ofera recolte constante, iar in anii cu incarcatura mare se recomanda rarirea fructelor pentru mentinerea unui calibru ridicat. Royal Glory este autofertil si nu necesita alte soiuri polenizatoare pentru fructificare. Prezinta rezistenta buna la gerul din timpul iernii si toleranta medie la bolile specifice piersicului, inclusiv basicarea frunzelor. Fructele sunt mari, de aproximativ 180-220 g, sferice, regulate si simetrice. Pielita este acoperita aproape integral, in proportie de 90-100%, de un rosu inchis si stralucitor, pe un fond galben discret, iar pubescenta este foarte fina. Pulpa este galbena, ferma, densa si suculenta, cu gust dulce, aromat si aciditate foarte scazuta. Fermitatea pulpei confera fructelor o rezistenta foarte buna la manipulare si transport pe distante lungi, precum si o durata de pastrare peste medie. Maturitatea de recoltare este atinsa la sfarsitul lunii iulie si inceputul lunii august, de regula cu aproximativ 5-10 zile inainte de soiul Redhaven. Portaltoiul utilizat este Mirobolan. Fructele sunt excelente pentru consum proaspat si pot fi utilizate si pentru compoturi, sucuri, nectaruri si gemuri.	https://pomifructiferionline.ro/produse/piersic-royal-glory/	https://pomifructiferionline.ro/images/pomi-fructiferi/piersic/piersic-royal-glory/piersic-royal-glory-1.png	in_stock	19.00 RON	new	no
PF-PIE-014	Piersic Southland	Piersicul Southland este un soi de origine americana, foarte raspandit datorita productivitatii ridicate si calitatii superioare a fructelor. Pomul are vigoare mijlocie spre mare, formeaza o coroana globuloasa si infloreste timpuriu. Soiul intra relativ repede pe rod, adesea din anul 3 de la plantare, si poate produce aproximativ 30-35 kg de fructe pe pom in conditii bune de cultura. Este autofertil si nu necesita alte soiuri polenizatoare pentru fructificare. Prezinta rezistenta buna la ger, seceta si boli, desi poate fi sensibil la basicarea frunzelor in perioade cu umiditate excesiva. Fructele sunt mari spre foarte mari, de aproximativ 160-250 g, sferice si uneori usor asimetrice. Pielita are fond galben-oranj si este acoperita in proportie de aproximativ 75-90% cu rosu intens si stralucitor, sub forma de pete sau striuri. Pulpa este galbena, consistenta, suculenta si foarte dulce, armonios acidulata si intens aromata, cu infiltratii rosiatice pronuntate in jurul samburelui. Soiul este de tip freestone, samburele fiind complet neaderent. Fructele au rezistenta foarte buna la manipulare si transport, fiind potrivite pentru comercializare. Deoarece fructele pot cadea din pom la maturitate deplina, se recomanda recoltarea cu putin timp inainte de coacerea completa. Maturarea are loc, in general, intre 1 si 20 august, in functie de zona si conditiile climatice. Portaltoiul utilizat este Mirobolan. Fructele sunt potrivite pentru consum proaspat si pentru industrializare sub forma de compoturi, nectaruri si gemuri.	https://pomifructiferionline.ro/produse/piersic-southland/	https://pomifructiferionline.ro/images/pomi-fructiferi/piersic/piersic-southland/piersic-southland-1.png	in_stock	19.00 RON	new	no
PF-PIE-015	Piersic Splendid	Piersicul Splendid este un soi foarte apreciat pentru adaptabilitatea la conditiile climatice locale, productivitatea ridicata si calitatea gustativa a fructelor. Pomul are vigoare mijlocie spre mare, formeaza o coroana globuloasa si prezinta ramuri de rod bine repartizate. Soiul este foarte productiv si constant si are o capacitate buna de auto-rarire, desi in anii cu incarcatura excesiva se recomanda rarirea manuala pentru mentinerea dimensiunii mari a fructelor. Este autofertil si nu necesita alti polenizatori pentru fructificare. Prezinta rezistenta buna la ger si toleranta ridicata la principalele boli, fiind bine adaptat zonelor de campie. Fructele sunt mari spre foarte mari, de aproximativ 215-260 g, sferice si aproape perfect simetrice. Pielita este de culoare alb-crem si este acoperita in proportie de aproximativ 70-80% de rosu-zmeuriu, cu pubescenta fina si discreta. Pulpa este alba-crem, fina, foarte suculenta, dulce, aromata si revigoranta. Samburele este de marime medie si neaderent la pulpa. Fructele au fermitate buna si rezistenta buna la manipulare si transport. Maturarea are loc in a doua decada a lunii august, de regula intre 10 si 20 august. Portaltoiul utilizat este Mirobolan. Fructele sunt potrivite pentru consum proaspat si pentru industrializare sub forma de compoturi, nectaruri si gemuri.	https://pomifructiferionline.ro/produse/piersic-splendid/	https://pomifructiferionline.ro/images/pomi-fructiferi/piersic/piersic-splendid/piersic-splendid-1.png	in_stock	19.00 RON	new	no
PF-PIE-016	Piersic Symfonia	Piersicul Symfonia este un soi de origine italiana, foarte apreciat in livezile moderne pentru echilibrul dintre aspectul comercial deosebit si calitatile gustative ale fructelor. Pomul are vigoare mijlocie spre mare, port semi-etalat si formeaza o coroana bine echilibrata, care permite patrunderea luminii catre fructe. Soiul este foarte productiv si constant, intra rapid pe rod si prezinta o distributie uniforma a fructelor pe ramurile de rod. Este autofertil si nu necesita alti polenizatori, fiind potrivit inclusiv pentru plantatii mono-soi. Prezinta rezistenta buna la ger si toleranta ridicata la principalele boli ale piersicului. Fructele sunt mari spre foarte mari, depasind frecvent 200 g, de forma sferica, regulata si simetrica. Pielita este galben-portocalie si este acoperita in proportie de aproximativ 80-90% de rosu intens si stralucitor, iar pubescenta este foarte fina. Pulpa este galbena, ferma, suculenta, dulce, bine echilibrata si aromata. Soiul este de tip freestone, samburele fiind complet neaderent la maturitate. Fermitatea ridicata a pulpei confera fructelor rezistenta excelenta la transport si o durata de pastrare peste medie. Maturarea are loc in a doua jumatate a lunii august, de regula intre 20 si 30 august. Portaltoiul utilizat este Mirobolan. Fructele sunt potrivite pentru consum proaspat si pentru industrializare sub forma de compoturi, sucuri, nectaruri si gemuri.	https://pomifructiferionline.ro/produse/piersic-symfonia/	https://pomifructiferionline.ro/images/pomi-fructiferi/piersic/piersic-symfonia/piersic-symfonia-1.png	in_stock	19.00 RON	new	no
